user_id,dd,name,amount
30,20210528,青菜,2
30,20210530,青菜,2
30,20210602,青菜,1
30,20210611,粽子,7
30,20210613,粽子,1
30,20210626,水果,1
99,20210611,粽子,2
99,20210617,下午茶,1
101,20210528,青菜,1
101,20210611,粽子,2
101,20210613,粽子,1
101,20210615,零食,1
101,20210616,水果,1
101,20210618,青菜,1
101,20210623,下午茶,1
101,20210629,烘焙點心,1
101,20210629,青菜,1
111,20210601,青菜,1
111,20210606,青菜,1
118,20210601,青菜,1
180,20210615,零食,2
308,20210615,零食,1
423,20210629,烘焙點心,1
423,20210701,下午茶,1
494,20210615,零食,2
507,20210601,青菜,1
507,20210610,青菜,1
679,20210623,下午茶,1
758,20210701,水果,1
775,20210615,零食,1
1085,20210605,青菜,1
1639,20210528,青菜,2
1639,20210618,青菜,1
1639,20210620,青菜,1
1639,20210629,烘焙點心,1
2192,20210606,青菜,1
2354,20210528,青菜,1
2554,20210528,青菜,1
2561,20210529,青菜,1
2561,20210530,青菜,1
2561,20210606,青菜,1
2561,20210611,粽子,1
2567,20210616,水果,1
2630,20210612,青菜,1
3030,20210608,青菜,1
3031,20210530,青菜,1
3346,20210701,水果,1
3370,20210613,粽子,1
3637,20210601,青菜,1
3810,20210623,下午茶,1
3911,20210530,青菜,1
3996,20210615,零食,1
4098,20210701,水果,1
4555,20210629,烘焙點心,1
4714,20210629,烘焙點心,1
5323,20210529,青菜,1
6008,20210601,青菜,1
6908,20210528,青菜,1
7556,20210618,青菜,1
7652,20210529,青菜,1
8361,20210608,青菜,1
8770,20210613,青菜,1
9020,20210619,水果,1
9985,20210613,粽子,1
10006,20210529,青菜,1
10044,20210615,零食,1
10316,20210618,青菜,1
10711,20210627,青菜,1
10957,20210629,青菜,1
11116,20210611,粽子,2
11116,20210613,粽子,1
11116,20210618,青菜,1
11116,20210623,下午茶,1
11116,20210624,零食,1
11116,20210629,烘焙點心,1
11139,20210623,下午茶,1
11617,20210604,青菜,1
11845,20210604,青菜,1
12023,20210627,青菜,1
12060,20210612,青菜,1
12580,20210528,青菜,1
12635,20210528,青菜,1
12635,20210623,下午茶,1
12705,20210530,青菜,1
12705,20210620,青菜,1
12812,20210601,青菜,1
13028,20210624,零食,1
13668,20210611,粽子,1
13930,20210630,肉品,1
14804,20210613,青菜,1
14871,20210612,青菜,1
14871,20210623,下午茶,1
14871,20210624,零食,1
15097,20210625,青菜,1
15530,20210611,粽子,1
15940,20210622,青菜,1
17188,20210528,青菜,1
17188,20210602,青菜,1
17188,20210626,水果,1
17270,20210528,青菜,1
17270,20210611,粽子,1
17270,20210611,青菜,1
17270,20210619,水果,1
17270,20210620,青菜,3
17474,20210606,青菜,1
17515,20210605,青菜,1
17607,20210530,青菜,1
17715,20210605,青菜,1
18071,20210528,青菜,1
18187,20210619,水果,1
18187,20210622,青菜,1
18269,20210701,水果,1
18696,20210618,青菜,1
18738,20210605,青菜,1
19148,20210618,青菜,1
19451,20210627,青菜,1
19710,20210606,青菜,1
19826,20210618,青菜,1
19826,20210629,青菜,1
20223,20210528,青菜,1
20223,20210629,烘焙點心,1
20651,20210613,青菜,1
20651,20210620,青菜,1
20651,20210627,青菜,1
20766,20210606,青菜,1
20835,20210613,青菜,1
20835,20210626,水果,1
20981,20210613,粽子,1
21044,20210617,下午茶,1
21052,20210619,水果,1
21099,20210630,肉品,1
21299,20210613,粽子,1
21322,20210528,青菜,1
21384,20210613,青菜,1
21462,20210530,青菜,1
21516,20210616,水果,1
21718,20210605,青菜,1
22328,20210627,青菜,1
22532,20210611,青菜,1
22696,20210604,青菜,1
22762,20210701,水果,1
22794,20210624,零食,1
23296,20210622,青菜,1
23408,20210701,水果,1
23581,20210616,水果,1
24415,20210630,肉品,1
24519,20210601,青菜,1
24519,20210612,青菜,1
24519,20210620,青菜,1
24749,20210624,零食,1
24967,20210623,下午茶,1
25112,20210611,粽子,1
25141,20210613,粽子,1
25405,20210608,青菜,1
26286,20210611,粽子,1
26509,20210602,青菜,1
27075,20210624,零食,1
27267,20210601,青菜,1
27378,20210616,水果,1
27417,20210602,青菜,1
27650,20210612,青菜,1
28115,20210629,烘焙點心,1
28208,20210604,青菜,1
28311,20210613,粽子,1
28374,20210612,青菜,1
28862,20210609,青菜,1
28992,20210529,青菜,1
29588,20210610,青菜,1
30572,20210529,青菜,1
30661,20210629,烘焙點心,1
31979,20210619,水果,1
32200,20210606,青菜,1
32996,20210620,青菜,1
33033,20210630,肉品,1
33136,20210623,下午茶,1
33669,20210622,青菜,1
34425,20210528,青菜,1
34583,20210625,青菜,1
34818,20210613,青菜,1
35051,20210606,青菜,1
35376,20210618,青菜,1
35376,20210629,青菜,1
36041,20210609,青菜,1
36398,20210619,水果,1
36560,20210624,零食,1
36980,20210611,青菜,1
37318,20210616,水果,1
38728,20210605,青菜,2
38772,20210620,青菜,1
38868,20210605,青菜,1
38881,20210528,青菜,1
38881,20210601,青菜,1
38881,20210619,水果,1
39185,20210601,青菜,1
40259,20210616,水果,1
41311,20210606,青菜,1
41311,20210616,水果,1
41311,20210629,烘焙點心,1
41599,20210605,青菜,1
42504,20210606,青菜,1
42628,20210615,零食,1
43238,20210605,青菜,1
43409,20210618,青菜,1
43917,20210619,水果,1
43997,20210602,青菜,1
44309,20210530,青菜,1
45060,20210528,青菜,1
45060,20210530,青菜,1
45392,20210530,青菜,1
45537,20210611,粽子,1
45537,20210617,下午茶,1
45537,20210623,下午茶,2
45537,20210701,下午茶,2
45943,20210619,水果,1
46023,20210625,青菜,1
46091,20210622,青菜,1
46844,20210529,青菜,1
47216,20210611,粽子,2
47509,20210629,烘焙點心,1
47746,20210610,青菜,1
48490,20210530,青菜,1
48555,20210615,零食,1
49912,20210623,下午茶,1
50332,20210618,青菜,1
50372,20210528,青菜,1
50372,20210611,粽子,1
50467,20210615,零食,1
50862,20210622,青菜,1
50979,20210603,青菜,1
51260,20210613,青菜,1
51679,20210613,青菜,1
51731,20210701,水果,1
52141,20210612,青菜,1
52141,20210616,水果,1
52141,20210625,青菜,1
52141,20210701,下午茶,1
52324,20210606,青菜,1
53422,20210629,烘焙點心,1
53456,20210608,青菜,1
53506,20210611,青菜,1
53581,20210529,青菜,1
53838,20210606,青菜,1
53838,20210619,水果,1
53840,20210606,青菜,1
53840,20210629,烘焙點心,1
53840,20210629,青菜,1
53888,20210615,零食,1
53938,20210606,青菜,1
54033,20210608,青菜,1
54403,20210620,青菜,1
55205,20210619,水果,1
55812,20210529,青菜,1
56076,20210528,青菜,1
56076,20210605,青菜,1
56076,20210622,青菜,1
56076,20210627,青菜,1
57694,20210602,青菜,2
57694,20210604,青菜,2
57694,20210608,青菜,1
57694,20210611,粽子,1
57694,20210617,下午茶,1
57694,20210618,青菜,1
57694,20210619,水果,1
57694,20210623,下午茶,1
57694,20210629,烘焙點心,1
57694,20210701,下午茶,1
57694,20210701,水果,1
57700,20210612,青菜,1
58061,20210611,粽子,1
58551,20210612,青菜,1
58590,20210623,下午茶,1
58666,20210612,青菜,1
59328,20210606,青菜,1
59448,20210613,粽子,1
59581,20210613,青菜,1
60063,20210605,青菜,1
60085,20210626,水果,1
60126,20210612,青菜,1
60126,20210627,青菜,1
60291,20210629,烘焙點心,1
60386,20210601,青菜,1
60386,20210619,水果,1
60830,20210530,青菜,1
60907,20210625,青菜,1
60992,20210625,青菜,1
62096,20210619,水果,1
62096,20210622,青菜,1
62096,20210625,青菜,1
62096,20210626,水果,1
62142,20210528,青菜,1
62145,20210701,水果,1
63572,20210605,青菜,1
63572,20210630,肉品,1
63714,20210615,零食,1
63741,20210623,下午茶,1
63970,20210622,青菜,1
64059,20210619,水果,1
64236,20210629,青菜,1
64577,20210528,青菜,1
64589,20210528,青菜,1
64589,20210627,青菜,1
64784,20210611,青菜,1
64837,20210528,青菜,2
64837,20210611,粽子,1
64837,20210626,水果,1
64837,20210701,下午茶,1
64932,20210529,青菜,1
64932,20210605,青菜,1
64932,20210620,青菜,1
65143,20210606,青菜,1
65226,20210528,青菜,1
65226,20210630,肉品,1
65537,20210606,青菜,1
65537,20210612,青菜,1
65619,20210620,青菜,1
65801,20210624,零食,1
65854,20210623,下午茶,1
66798,20210606,青菜,2
66929,20210602,青菜,1
67196,20210627,青菜,1
67322,20210701,水果,1
67383,20210701,水果,1
67482,20210611,粽子,1
67482,20210617,下午茶,1
67547,20210627,青菜,1
67820,20210623,下午茶,1
68395,20210602,青菜,1
68395,20210613,青菜,1
69034,20210626,水果,1
69251,20210611,粽子,1
69891,20210624,零食,1
69944,20210630,肉品,1
70525,20210611,粽子,1
70790,20210619,水果,1
70820,20210613,青菜,1
71178,20210528,青菜,1
71458,20210603,青菜,1
71458,20210629,青菜,1
71898,20210612,青菜,1
72407,20210617,下午茶,1
73097,20210529,青菜,1
73709,20210616,水果,1
74302,20210528,青菜,1
74427,20210613,粽子,1
74427,20210616,水果,1
74544,20210529,青菜,1
75305,20210616,水果,1
75650,20210613,粽子,1
76070,20210627,青菜,1
76487,20210530,青菜,1
76883,20210625,青菜,1
76991,20210608,青菜,1
77017,20210624,零食,1
77335,20210605,青菜,1
77335,20210626,水果,1
78091,20210528,青菜,1
78152,20210627,青菜,1
78157,20210616,水果,1
78192,20210620,青菜,1
78192,20210629,青菜,1
78462,20210613,青菜,1
78808,20210701,水果,1
78866,20210629,烘焙點心,1
79630,20210630,肉品,1
79994,20210612,青菜,1
79994,20210629,烘焙點心,1
80551,20210602,青菜,1
80551,20210616,水果,1
80760,20210605,青菜,1
80907,20210626,水果,1
81131,20210528,青菜,1
81421,20210622,青菜,1
82917,20210619,水果,1
82917,20210622,青菜,1
83656,20210629,青菜,1
83806,20210616,水果,1
83806,20210630,肉品,1
84113,20210606,青菜,1
84401,20210612,青菜,1
85188,20210611,青菜,1
85313,20210528,青菜,1
85684,20210613,粽子,1
85754,20210613,青菜,1
86942,20210617,下午茶,1
86996,20210625,青菜,1
87180,20210612,青菜,1
87997,20210625,青菜,1
87997,20210626,水果,1
88201,20210528,青菜,1
88201,20210608,青菜,1
88210,20210616,水果,1
88850,20210629,青菜,1
89497,20210601,青菜,1
89904,20210622,青菜,1
90068,20210623,下午茶,1
92382,20210530,青菜,1
93101,20210623,下午茶,1
93973,20210528,青菜,1
94263,20210602,青菜,1
94330,20210626,水果,1
94602,20210618,青菜,1
94645,20210625,青菜,1
94956,20210528,青菜,1
94956,20210611,粽子,1
95167,20210606,青菜,1
95319,20210606,青菜,1
95446,20210612,青菜,1
95598,20210601,青菜,1
95598,20210605,青菜,1
95606,20210613,粽子,1
95697,20210629,烘焙點心,1
96399,20210529,青菜,1
96536,20210602,青菜,1
96803,20210627,青菜,1
97398,20210612,青菜,1
98384,20210620,青菜,1
98409,20210611,粽子,1
98984,20210528,青菜,1
99333,20210603,青菜,1
100734,20210618,青菜,1
101081,20210606,青菜,1
101285,20210528,青菜,1
101679,20210613,青菜,1
101919,20210627,青菜,1
102076,20210629,烘焙點心,1
102096,20210623,下午茶,1
103214,20210701,水果,1
103644,20210530,青菜,1
103644,20210605,青菜,1
103791,20210529,青菜,1
104033,20210627,青菜,1
104902,20210629,烘焙點心,1
104902,20210701,下午茶,1
105432,20210601,青菜,1
105497,20210627,青菜,1
105877,20210530,青菜,2
106043,20210601,青菜,1
106095,20210619,水果,1
106102,20210627,青菜,1
106153,20210612,青菜,1
106499,20210701,水果,1
106725,20210602,青菜,3
106884,20210601,青菜,1
107183,20210602,青菜,1
107183,20210613,粽子,1
107495,20210616,水果,1
107719,20210620,青菜,1
107789,20210613,青菜,1
108109,20210626,水果,1
108233,20210601,青菜,1
108346,20210615,零食,1
108621,20210605,青菜,1
108665,20210528,青菜,1
108665,20210606,青菜,1
108829,20210626,水果,1
109186,20210627,青菜,1
109325,20210611,粽子,1
109640,20210629,青菜,1
110432,20210608,青菜,1
110777,20210622,青菜,1
110984,20210603,青菜,1
110984,20210619,水果,1
111305,20210604,青菜,1
111305,20210605,青菜,1
111305,20210611,青菜,1
111305,20210622,青菜,1
112579,20210613,青菜,1
113295,20210604,青菜,1
113344,20210627,青菜,1
113376,20210619,水果,1
113376,20210629,青菜,1
113802,20210618,青菜,1
113942,20210629,青菜,1
114093,20210629,烘焙點心,1
114103,20210605,青菜,1
114110,20210606,青菜,1
114276,20210620,青菜,1
115318,20210611,青菜,1
116569,20210611,青菜,1
116730,20210608,青菜,1
116730,20210626,水果,1
116865,20210619,水果,1
117226,20210630,肉品,1
117340,20210612,青菜,1
117649,20210611,粽子,1
119117,20210624,零食,1
119137,20210620,青菜,1
119622,20210612,青菜,1
119622,20210622,青菜,1
119997,20210623,下午茶,1
120878,20210701,水果,1
121166,20210601,青菜,1
121520,20210609,青菜,1
122155,20210528,青菜,1
122461,20210701,水果,1
122811,20210626,水果,1
122819,20210619,水果,1
123907,20210611,青菜,1
124072,20210619,水果,1
124169,20210629,烘焙點心,1
124528,20210612,青菜,1
125259,20210606,青菜,1
126704,20210618,青菜,1
127646,20210613,青菜,1
127757,20210601,青菜,1
127757,20210613,青菜,1
128047,20210529,青菜,1
128431,20210605,青菜,1
128794,20210615,零食,1
129023,20210613,粽子,1
129504,20210608,青菜,1
129535,20210619,水果,1
129539,20210528,青菜,1
129585,20210606,青菜,1
129683,20210529,青菜,1
129914,20210530,青菜,1
130046,20210629,烘焙點心,2
130181,20210629,烘焙點心,1
130181,20210701,下午茶,1
130895,20210528,青菜,1
130895,20210602,青菜,1
130949,20210530,青菜,1
131620,20210529,青菜,1
131688,20210623,下午茶,1
131878,20210627,青菜,1
132809,20210605,青菜,1
133019,20210528,青菜,1
133256,20210611,青菜,1
133472,20210617,下午茶,1
133732,20210530,青菜,1
134045,20210529,青菜,1
134216,20210605,青菜,1
134676,20210629,烘焙點心,1
134750,20210612,青菜,1
134828,20210620,青菜,1
135063,20210605,青菜,1
135261,20210622,青菜,1
135299,20210629,烘焙點心,1
135726,20210618,青菜,1
135741,20210612,青菜,1
135989,20210701,水果,1
136048,20210620,青菜,1
136102,20210528,青菜,1
136135,20210701,水果,1
137909,20210610,青菜,1
137909,20210611,粽子,1
138070,20210612,青菜,1
138278,20210605,青菜,1
138722,20210624,零食,1
138818,20210529,青菜,1
138818,20210626,水果,1
139390,20210619,水果,1
139427,20210701,水果,1
139604,20210622,青菜,1
139780,20210602,青菜,1
140823,20210622,青菜,1
140942,20210605,青菜,1
141598,20210611,粽子,1
142063,20210625,青菜,1
142232,20210606,青菜,1
142723,20210616,水果,2
142723,20210619,水果,2
142723,20210620,青菜,1
142723,20210626,水果,1
142902,20210609,青菜,1
142948,20210611,粽子,1
144749,20210608,青菜,1
144749,20210620,青菜,1
144749,20210629,青菜,1
145695,20210626,水果,1
145866,20210617,下午茶,1
146401,20210629,烘焙點心,1
146970,20210627,青菜,1
147338,20210613,青菜,1
147744,20210629,烘焙點心,1
148236,20210528,青菜,1
148236,20210618,青菜,1
148796,20210618,青菜,1
148802,20210701,水果,1
149285,20210605,青菜,1
149675,20210611,粽子,1
150132,20210605,青菜,1
150871,20210613,粽子,1
150882,20210606,青菜,1
152173,20210611,粽子,1
152173,20210612,青菜,1
152744,20210528,青菜,1
153001,20210623,下午茶,1
153289,20210612,青菜,1
154550,20210623,下午茶,1
154550,20210629,烘焙點心,1
155106,20210624,零食,1
155106,20210701,下午茶,1
155145,20210629,青菜,1
155453,20210604,青菜,1
155459,20210625,青菜,1
155632,20210619,水果,1
155997,20210620,青菜,1
156831,20210528,青菜,1
156887,20210602,青菜,1
157117,20210604,青菜,1
157386,20210604,青菜,1
157386,20210611,青菜,2
157496,20210623,下午茶,1
157496,20210625,青菜,1
157496,20210701,下午茶,1
157651,20210613,青菜,1
158375,20210617,下午茶,1
159033,20210629,青菜,1
159038,20210615,零食,1
159310,20210605,青菜,1
159741,20210627,青菜,1
159921,20210609,青菜,1
160121,20210613,粽子,1
160393,20210605,青菜,1
160407,20210528,青菜,1
162599,20210626,水果,1
164274,20210629,青菜,1
164274,20210701,水果,1
164936,20210528,青菜,1
164936,20210627,青菜,1
165320,20210623,下午茶,1
165682,20210613,青菜,2
165682,20210626,水果,1
165941,20210604,青菜,1
165942,20210609,青菜,1
165942,20210612,青菜,1
165942,20210613,青菜,1
165942,20210626,水果,1
165942,20210627,青菜,1
166410,20210629,烘焙點心,1
167293,20210612,青菜,1
167708,20210615,零食,1
167708,20210629,烘焙點心,1
168159,20210619,水果,1
168362,20210605,青菜,1
168372,20210604,青菜,1
168590,20210619,水果,1
168590,20210620,青菜,1
168708,20210606,青菜,1
168708,20210615,零食,1
168731,20210619,水果,1
169082,20210613,青菜,1
169580,20210612,青菜,1
169678,20210530,青菜,1
171783,20210528,青菜,1
172029,20210618,青菜,1
172100,20210610,青菜,1
172100,20210622,青菜,1
172237,20210615,零食,1
172507,20210602,青菜,1
173783,20210701,水果,1
174055,20210605,青菜,1
175267,20210627,青菜,1
175857,20210606,青菜,1
175958,20210612,青菜,1
176458,20210612,青菜,1
176989,20210617,下午茶,1
178540,20210629,青菜,1
178904,20210620,青菜,1
179722,20210629,青菜,1
180554,20210529,青菜,1
180554,20210611,青菜,1
180556,20210630,肉品,1
180679,20210615,零食,1
181145,20210630,肉品,1
181154,20210612,青菜,1
181218,20210601,青菜,1
181227,20210530,青菜,1
181319,20210615,零食,1
181619,20210618,青菜,1
181619,20210626,水果,1
181952,20210528,青菜,1
182066,20210627,青菜,1
183747,20210606,青菜,1
183927,20210613,粽子,1
185536,20210619,水果,1
186132,20210528,青菜,1
186595,20210613,青菜,1
186595,20210619,水果,1
186595,20210620,青菜,1
186595,20210626,水果,1
187142,20210629,青菜,1
187567,20210622,青菜,1
188293,20210629,青菜,1
188788,20210625,青菜,1
190193,20210603,青菜,1
190287,20210623,下午茶,1
190559,20210623,下午茶,1
191491,20210528,青菜,1
191491,20210625,青菜,1
193379,20210528,青菜,1
193379,20210701,水果,1
194388,20210613,粽子,1
195224,20210603,青菜,1
195623,20210528,青菜,1
195623,20210625,青菜,1
195646,20210608,青菜,1
195646,20210613,青菜,1
197105,20210601,青菜,1
197105,20210629,烘焙點心,1
197441,20210609,青菜,1
198141,20210608,青菜,1
199193,20210613,青菜,1
199193,20210620,青菜,1
199455,20210622,青菜,1
199744,20210529,青菜,1
199744,20210612,青菜,1
199744,20210620,青菜,1
200786,20210613,青菜,1
200786,20210618,青菜,1
200921,20210608,青菜,1
200921,20210629,青菜,1
201380,20210623,下午茶,1
201425,20210613,粽子,1
202209,20210615,零食,1
202209,20210629,烘焙點心,1
202525,20210623,下午茶,1
203223,20210609,青菜,1
203766,20210529,青菜,1
204144,20210529,青菜,1
204344,20210619,水果,1
204344,20210625,青菜,1
204375,20210528,青菜,1
204442,20210612,青菜,1
206394,20210626,水果,1
207314,20210528,青菜,1
207560,20210619,水果,1
207966,20210609,青菜,1
208454,20210528,青菜,1
208774,20210529,青菜,1
208850,20210618,青菜,1
208944,20210610,青菜,1
208944,20210620,青菜,1
210569,20210610,青菜,1
216086,20210622,青菜,1
216407,20210605,青菜,1
216803,20210624,零食,1
216803,20210626,水果,1
217264,20210610,青菜,1
217405,20210701,水果,1
218030,20210619,水果,1
218058,20210623,下午茶,1
218955,20210609,青菜,1
219031,20210622,青菜,1
219191,20210620,青菜,1
219641,20210529,青菜,1
221561,20210613,粽子,2
222964,20210616,水果,1
224809,20210626,水果,1
224858,20210606,青菜,2
225158,20210620,青菜,1
226165,20210627,青菜,1
226251,20210620,青菜,1
226482,20210605,青菜,1
228319,20210627,青菜,1
228398,20210528,青菜,1
228600,20210603,青菜,1
229408,20210603,青菜,1
230226,20210613,青菜,1
231531,20210528,青菜,1
231531,20210611,青菜,1
231531,20210622,青菜,1
231725,20210618,青菜,1
231751,20210611,青菜,1
231751,20210619,水果,1
231757,20210613,青菜,1
232389,20210613,青菜,1
232598,20210630,肉品,1
235398,20210622,青菜,1
235702,20210624,零食,1
236114,20210529,青菜,2
236989,20210611,青菜,1
237048,20210603,青菜,2
240575,20210629,烘焙點心,1
241418,20210610,青菜,1
241865,20210622,青菜,1
242063,20210623,下午茶,1
242164,20210609,青菜,1
242200,20210603,青菜,1
242572,20210602,青菜,1
242789,20210606,青菜,1
244695,20210528,青菜,1
244948,20210701,水果,1
245053,20210623,下午茶,1
246021,20210611,青菜,1
247275,20210627,青菜,1
247466,20210612,青菜,1
247466,20210626,水果,1
247466,20210627,青菜,1
247488,20210627,青菜,1
249296,20210620,青菜,1
249309,20210618,青菜,1
249797,20210603,青菜,1
249797,20210611,青菜,1
249797,20210625,青菜,1
250334,20210613,青菜,1
250334,20210627,青菜,1
251912,20210701,水果,1
252113,20210606,青菜,1
252658,20210618,青菜,1
253004,20210625,青菜,1
254915,20210611,粽子,1
254955,20210613,青菜,1
255072,20210601,青菜,1
255265,20210603,青菜,1
255588,20210603,青菜,1
255750,20210623,下午茶,1
256095,20210612,青菜,1
256698,20210616,水果,1
256843,20210608,青菜,1
257922,20210528,青菜,1
261078,20210623,下午茶,1
261237,20210613,粽子,1
261573,20210701,水果,1
261773,20210613,粽子,1
262820,20210530,青菜,1
262867,20210625,青菜,1
263108,20210618,青菜,1
263303,20210629,青菜,1
263370,20210619,水果,1
263370,20210629,青菜,1
263370,20210630,肉品,1
263370,20210701,水果,1
263458,20210620,青菜,1
264907,20210604,青菜,1
264907,20210620,青菜,1
265478,20210605,青菜,1
267232,20210701,水果,1
267305,20210603,青菜,1
268299,20210613,青菜,1
269883,20210603,青菜,1
270074,20210529,青菜,1
270074,20210608,青菜,1
270231,20210606,青菜,1
270560,20210620,青菜,1
270560,20210701,水果,1
270777,20210529,青菜,1
271063,20210611,青菜,1
271104,20210630,肉品,1
271134,20210629,青菜,1
271326,20210528,青菜,1
271326,20210603,青菜,1
271497,20210612,青菜,1
271721,20210623,下午茶,1
271960,20210623,下午茶,1
272039,20210529,青菜,1
272039,20210612,青菜,1
273296,20210627,青菜,1
275393,20210629,青菜,1
275962,20210528,青菜,1
276207,20210528,青菜,1
276207,20210605,青菜,1
276833,20210627,青菜,1
276833,20210701,水果,1
276892,20210606,青菜,1
276999,20210613,粽子,1
277640,20210606,青菜,1
277724,20210619,水果,1
278135,20210613,青菜,1
278855,20210618,青菜,1
279501,20210611,粽子,1
279519,20210529,青菜,1
279555,20210528,青菜,1
279555,20210616,水果,1
279555,20210618,青菜,1
279555,20210623,下午茶,1
279555,20210629,青菜,1
280094,20210530,青菜,1
280094,20210613,青菜,1
280188,20210616,水果,1
280850,20210622,青菜,1
281280,20210629,青菜,1
281447,20210619,水果,1
281632,20210616,水果,1
281815,20210605,青菜,1
281815,20210609,青菜,1
281815,20210620,青菜,1
282156,20210626,水果,1
282263,20210606,青菜,1
283105,20210529,青菜,1
283313,20210529,青菜,1
283313,20210610,青菜,1
283485,20210613,粽子,1
284031,20210623,下午茶,1
284493,20210619,水果,1
285164,20210622,青菜,1
286195,20210619,水果,1
286195,20210626,水果,1
286971,20210613,粽子,1
287376,20210606,青菜,1
287376,20210616,水果,1
287695,20210604,青菜,1
287695,20210626,水果,1
287695,20210629,烘焙點心,1
288635,20210611,粽子,1
289615,20210627,青菜,1
291007,20210619,水果,1
291007,20210622,青菜,1
291835,20210605,青菜,1
292018,20210629,青菜,1
292018,20210701,水果,1
292925,20210619,水果,1
293771,20210612,青菜,1
294048,20210612,青菜,1
294118,20210530,青菜,1
294118,20210612,青菜,1
294837,20210623,下午茶,1
295209,20210627,青菜,1
295592,20210601,青菜,1
296287,20210609,青菜,1
296287,20210629,青菜,1
296624,20210604,青菜,1
296624,20210625,青菜,1
297567,20210701,水果,1
297937,20210528,青菜,1
297937,20210608,青菜,1
297937,20210613,粽子,1
297937,20210619,水果,1
297937,20210626,水果,2
297937,20210701,水果,2
298279,20210612,青菜,1
298498,20210606,青菜,1
299175,20210528,青菜,1
299175,20210618,青菜,1
299175,20210626,水果,1
301026,20210611,粽子,1
301026,20210616,水果,1
301026,20210617,下午茶,1
301026,20210629,青菜,1
301026,20210630,肉品,1
301040,20210626,水果,1
301103,20210629,烘焙點心,1
301276,20210605,青菜,1
302555,20210611,粽子,1
303256,20210616,水果,1
304291,20210613,青菜,1
304291,20210627,青菜,1
304306,20210606,青菜,1
304306,20210618,青菜,1
304306,20210629,青菜,1
305437,20210603,青菜,1
306013,20210529,青菜,1
306645,20210610,青菜,1
307122,20210623,下午茶,1
307634,20210626,水果,1
307661,20210608,青菜,1
307920,20210605,青菜,1
308424,20210610,青菜,1
308547,20210625,青菜,1
310480,20210609,青菜,1
310525,20210615,零食,1
310807,20210529,青菜,1
311751,20210606,青菜,1
311765,20210602,青菜,1
312285,20210626,水果,1
312456,20210623,下午茶,1
312564,20210701,水果,1
312629,20210623,下午茶,1
312809,20210627,青菜,1
313914,20210612,青菜,1
314054,20210605,青菜,1
314387,20210610,青菜,1
315552,20210617,下午茶,1
315654,20210528,青菜,1
316177,20210528,青菜,1
316494,20210601,青菜,1
316577,20210615,零食,1
316584,20210630,肉品,1
316727,20210606,青菜,1
317280,20210625,青菜,1
317518,20210629,烘焙點心,1
317519,20210624,零食,1
317561,20210613,粽子,1
318042,20210616,水果,1
318233,20210623,下午茶,1
318422,20210612,青菜,1
318880,20210606,青菜,1
318880,20210622,青菜,1
319005,20210627,青菜,1
319194,20210611,青菜,1
319646,20210606,青菜,1
319646,20210613,粽子,1
319647,20210601,青菜,1
319647,20210613,粽子,1
319685,20210618,青菜,1
320382,20210618,青菜,1
320382,20210627,青菜,1
320386,20210629,烘焙點心,1
321087,20210613,青菜,1
321442,20210529,青菜,1
321462,20210528,青菜,1
321605,20210613,粽子,1
321666,20210619,水果,1
321996,20210613,青菜,1
322046,20210618,青菜,1
322275,20210530,青菜,1
322293,20210618,青菜,1
322423,20210609,青菜,1
323119,20210701,水果,1
323230,20210604,青菜,1
323230,20210620,青菜,1
323230,20210629,青菜,1
323431,20210611,粽子,1
324940,20210601,青菜,1
325084,20210612,青菜,1
325084,20210624,零食,1
325359,20210608,青菜,1
326246,20210620,青菜,1
326246,20210627,青菜,1
326929,20210630,肉品,1
326953,20210620,青菜,1
327138,20210528,青菜,1
327174,20210528,青菜,1
327423,20210602,青菜,1
327423,20210603,青菜,1
327644,20210606,青菜,1
327644,20210618,青菜,1
328666,20210606,青菜,1
328838,20210627,青菜,1
328839,20210622,青菜,1
328839,20210625,青菜,1
328983,20210619,水果,1
328983,20210620,青菜,1
329393,20210629,青菜,1
329425,20210618,青菜,1
329440,20210623,下午茶,1
330822,20210529,青菜,1
330881,20210627,青菜,1
331798,20210618,青菜,1
332597,20210629,青菜,1
332668,20210629,烘焙點心,1
332745,20210609,青菜,1
333297,20210611,青菜,1
333419,20210528,青菜,1
335266,20210528,青菜,1
335356,20210625,青菜,1
335900,20210623,下午茶,1
336245,20210609,青菜,1
336566,20210627,青菜,1
336924,20210612,青菜,1
337125,20210622,青菜,1
337711,20210612,青菜,1
337955,20210613,青菜,1
338093,20210629,烘焙點心,1
338412,20210604,青菜,1
338412,20210605,青菜,1
339583,20210629,烘焙點心,1
340756,20210622,青菜,1
340879,20210605,青菜,1
340879,20210616,水果,1
341540,20210528,青菜,1
341568,20210611,粽子,1
341695,20210613,青菜,1
341920,20210602,青菜,1
342059,20210626,水果,1
342364,20210616,水果,1
342485,20210605,青菜,1
342498,20210603,青菜,1
342498,20210627,青菜,1
342498,20210701,水果,1
342649,20210529,青菜,1
344481,20210612,青菜,1
345002,20210609,青菜,1
345053,20210620,青菜,1
346611,20210606,青菜,1
346676,20210605,青菜,1
348279,20210612,青菜,1
350262,20210528,青菜,1
350544,20210619,水果,1
350544,20210620,青菜,1
350544,20210624,零食,1
350544,20210626,水果,1
350544,20210701,水果,1
350558,20210605,青菜,1
352117,20210618,青菜,1
352185,20210602,青菜,1
352745,20210611,青菜,1
352745,20210619,水果,1
352745,20210620,青菜,1
352919,20210528,青菜,1
353362,20210611,粽子,1
353942,20210530,青菜,1
354256,20210609,青菜,1
354559,20210605,青菜,1
354748,20210611,粽子,1
354748,20210623,下午茶,1
354807,20210620,青菜,1
355856,20210619,水果,1
355856,20210623,下午茶,1
356467,20210613,粽子,1
356956,20210530,青菜,1
357241,20210603,青菜,1
357241,20210613,青菜,1
357916,20210613,粽子,1
357916,20210613,青菜,1
358012,20210601,青菜,1
358012,20210620,青菜,1
358093,20210613,粽子,1
358971,20210619,水果,1
359812,20210602,青菜,1
359812,20210613,青菜,1
359812,20210622,青菜,1
360518,20210601,青菜,1
360755,20210601,青菜,1
360766,20210601,青菜,1
360766,20210615,零食,1
360782,20210609,青菜,1
360824,20210606,青菜,1
361170,20210606,青菜,1
361186,20210604,青菜,1
362160,20210613,青菜,1
362832,20210528,青菜,1
362832,20210530,青菜,1
363149,20210605,青菜,1
363522,20210611,粽子,1
363665,20210618,青菜,1
363689,20210608,青菜,1
363950,20210611,青菜,1
363950,20210616,水果,1
363950,20210624,零食,1
363950,20210625,青菜,1
364479,20210612,青菜,1
365231,20210608,青菜,1
367220,20210605,青菜,1
367747,20210603,青菜,1
367747,20210613,青菜,1
367978,20210620,青菜,1
368005,20210530,青菜,1
368102,20210528,青菜,1
368779,20210601,青菜,1
370052,20210616,水果,1
370052,20210620,青菜,1
370052,20210625,青菜,1
370094,20210629,烘焙點心,1
370535,20210630,肉品,1
370893,20210619,水果,1
372469,20210620,青菜,1
372515,20210613,青菜,1
373236,20210603,青菜,1
373352,20210611,粽子,1
373680,20210529,青菜,1
373939,20210610,青菜,1
373939,20210625,青菜,1
375212,20210626,水果,1
375360,20210613,粽子,1
375608,20210619,水果,2
375608,20210622,青菜,2
375636,20210625,青菜,1
376117,20210619,水果,1
376293,20210605,青菜,1
376293,20210609,青菜,1
376766,20210623,下午茶,1
376983,20210619,水果,1
377984,20210530,青菜,1
378196,20210613,青菜,1
378234,20210629,烘焙點心,1
378989,20210620,青菜,1
381129,20210602,青菜,1
381979,20210622,青菜,1
382170,20210618,青菜,1
382276,20210530,青菜,1
382276,20210612,青菜,1
382276,20210620,青菜,1
384046,20210619,水果,1
384046,20210623,下午茶,1
384734,20210612,青菜,2
386722,20210629,青菜,1
387767,20210622,青菜,1
387794,20210609,青菜,1
387838,20210612,青菜,1
389256,20210604,青菜,1
389605,20210605,青菜,1
389643,20210529,青菜,1
389643,20210609,青菜,1
389643,20210626,水果,1
390152,20210611,青菜,1
391544,20210618,青菜,1
391544,20210626,水果,1
391916,20210606,青菜,1
392060,20210605,青菜,1
392446,20210619,水果,1
394015,20210619,水果,1
394560,20210629,烘焙點心,1
394992,20210605,青菜,1
395355,20210604,青菜,1
395355,20210616,水果,1
395355,20210625,青菜,1
395355,20210626,水果,1
395435,20210601,青菜,1
395660,20210528,青菜,2
395660,20210611,粽子,1
395660,20210620,青菜,1
395660,20210629,烘焙點心,1
395660,20210629,青菜,1
396370,20210612,青菜,1
396938,20210613,青菜,2
396949,20210609,青菜,1
397133,20210603,青菜,1
397133,20210612,青菜,1
397595,20210611,粽子,1
397595,20210612,青菜,1
398027,20210617,下午茶,1
398547,20210611,粽子,1
398878,20210529,青菜,1
399100,20210610,青菜,1
399100,20210619,水果,1
400221,20210701,水果,1
401464,20210604,青菜,1
401464,20210611,青菜,1
401464,20210620,青菜,1
402450,20210606,青菜,2
403364,20210613,青菜,1
403552,20210627,青菜,1
404080,20210619,水果,1
404837,20210616,水果,1
404897,20210605,青菜,1
405611,20210701,水果,1
405905,20210611,青菜,1
406381,20210622,青菜,1
406499,20210613,青菜,1
407383,20210629,烘焙點心,1
407964,20210619,水果,1
408569,20210622,青菜,1
408744,20210609,青菜,1
408775,20210616,水果,1
408775,20210626,水果,1
408775,20210627,青菜,1
408862,20210528,青菜,1
410486,20210630,肉品,1
411466,20210616,水果,1
411469,20210619,水果,1
411469,20210629,烘焙點心,1
411496,20210613,粽子,1
412346,20210625,青菜,1
412420,20210528,青菜,1
412555,20210528,青菜,2
412555,20210529,青菜,1
412555,20210611,粽子,1
412555,20210613,粽子,1
412555,20210617,下午茶,3
412555,20210623,下午茶,1
412555,20210701,水果,1
412671,20210619,水果,1
413198,20210629,烘焙點心,1
413787,20210618,青菜,1
414246,20210528,青菜,1
415043,20210627,青菜,1
415054,20210601,青菜,1
415560,20210606,青菜,1
416122,20210617,下午茶,1
416182,20210606,青菜,1
416342,20210529,青菜,1
416814,20210530,青菜,1
417480,20210622,青菜,1
417720,20210529,青菜,1
418076,20210603,青菜,1
418076,20210629,青菜,1
418158,20210528,青菜,1
418424,20210604,青菜,1
418874,20210529,青菜,1
418874,20210530,青菜,1
418874,20210611,青菜,1
419075,20210625,青菜,1
419661,20210605,青菜,1
419910,20210529,青菜,1
421822,20210528,青菜,1
422062,20210619,水果,1
423128,20210606,青菜,1
423180,20210530,青菜,1
423180,20210624,零食,1
423241,20210528,青菜,2
423612,20210606,青菜,1
423971,20210618,青菜,1
424252,20210530,青菜,1
424926,20210530,青菜,1
424933,20210528,青菜,1
424936,20210529,青菜,1
425422,20210606,青菜,1
425455,20210701,水果,1
425873,20210629,青菜,1
426386,20210606,青菜,1
427925,20210615,零食,1
428964,20210611,粽子,1
429535,20210625,青菜,1
429608,20210615,零食,1
430886,20210603,青菜,1
431466,20210613,粽子,1
431668,20210528,青菜,1
432224,20210606,青菜,1
432276,20210604,青菜,1
432465,20210528,青菜,1
432758,20210606,青菜,1
433233,20210627,青菜,1
436373,20210615,零食,1
436420,20210627,青菜,1
439196,20210622,青菜,1
439852,20210602,青菜,1
441199,20210701,水果,1
443061,20210620,青菜,1
443786,20210529,青菜,1
444077,20210529,青菜,1
444144,20210530,青菜,1
444364,20210623,下午茶,1
444364,20210625,青菜,1
444463,20210701,水果,1
444504,20210605,青菜,1
444519,20210608,青菜,1
445098,20210609,青菜,1
445333,20210701,水果,1
446717,20210602,青菜,1
446717,20210629,烘焙點心,1
446739,20210629,烘焙點心,1
446856,20210620,青菜,1
446976,20210613,青菜,1
446976,20210620,青菜,1
448705,20210613,青菜,1
448859,20210604,青菜,1
448866,20210618,青菜,1
448866,20210625,青菜,1
448868,20210606,青菜,1
448868,20210629,青菜,1
449228,20210612,青菜,1
449961,20210620,青菜,1
450748,20210612,青菜,1
451286,20210620,青菜,1
451843,20210613,青菜,1
451895,20210609,青菜,1
452682,20210605,青菜,1
452713,20210627,青菜,1
452768,20210619,水果,1
453831,20210622,青菜,1
453836,20210627,青菜,1
453862,20210612,青菜,1
454599,20210629,烘焙點心,1
454607,20210630,肉品,1
454608,20210528,青菜,1
454608,20210611,青菜,1
454608,20210629,烘焙點心,1
454654,20210618,青菜,1
455318,20210604,青菜,1
455920,20210623,下午茶,1
456331,20210616,水果,1
457053,20210613,粽子,1
458072,20210625,青菜,1
458292,20210622,青菜,1
458310,20210529,青菜,1
460406,20210630,肉品,1
461145,20210609,青菜,1
461149,20210529,青菜,1
461826,20210529,青菜,1
464404,20210605,青菜,1
464404,20210613,青菜,1
465021,20210608,青菜,1
466430,20210529,青菜,1
467500,20210603,青菜,1
467500,20210611,粽子,1
468727,20210612,青菜,1
470497,20210613,青菜,1
471370,20210606,青菜,1
471536,20210605,青菜,1
472566,20210627,青菜,1
473257,20210701,水果,1
473315,20210616,水果,1
474172,20210604,青菜,1
474513,20210606,青菜,1
475306,20210701,水果,1
477793,20210611,青菜,1
477793,20210620,青菜,1
477887,20210627,青菜,1
478350,20210619,水果,1
478350,20210629,烘焙點心,1
478350,20210701,水果,1
478552,20210528,青菜,1
479826,20210626,水果,1
479826,20210627,青菜,1
480447,20210627,青菜,1
480922,20210608,青菜,1
482495,20210620,青菜,1
483975,20210624,零食,1
484802,20210602,青菜,1
484802,20210620,青菜,1
486693,20210615,零食,1
487747,20210612,青菜,1
487866,20210701,水果,1
489342,20210528,青菜,1
489905,20210612,青菜,1
491117,20210629,烘焙點心,1
491293,20210529,青菜,1
492278,20210613,青菜,1
492671,20210612,青菜,1
493179,20210603,青菜,1
493179,20210625,青菜,1
493510,20210620,青菜,1
494171,20210701,水果,1
494440,20210530,青菜,1
494634,20210613,粽子,1
495959,20210622,青菜,1
496559,20210602,青菜,1
497020,20210701,水果,1
497233,20210608,青菜,1
497605,20210629,烘焙點心,1
497622,20210530,青菜,1
497981,20210624,零食,1
498039,20210612,青菜,1
498039,20210616,水果,1
498606,20210616,水果,1
499541,20210613,粽子,1
499984,20210615,零食,1
500017,20210528,青菜,1
500341,20210604,青菜,1
501297,20210608,青菜,1
501613,20210613,青菜,1
501759,20210615,零食,1
502381,20210604,青菜,1
502381,20210616,水果,1
503918,20210613,青菜,1
504971,20210615,零食,1
506931,20210605,青菜,1
506997,20210608,青菜,1
507636,20210627,青菜,1
508033,20210630,肉品,1
508146,20210629,青菜,1
509598,20210611,粽子,1
509946,20210601,青菜,1
509968,20210622,青菜,1
510105,20210606,青菜,1
510832,20210610,青菜,1
511572,20210616,水果,1
511812,20210629,烘焙點心,1
512241,20210611,粽子,1
512608,20210529,青菜,1
514501,20210625,青菜,1
514501,20210626,水果,1
515396,20210611,粽子,1
515778,20210613,青菜,1
516448,20210528,青菜,1
516493,20210613,青菜,1
517087,20210627,青菜,1
518093,20210624,零食,1
519192,20210604,青菜,1
520220,20210601,青菜,1
521467,20210620,青菜,1
521581,20210629,烘焙點心,1
524870,20210611,青菜,1
525947,20210530,青菜,1
525947,20210620,青菜,1
526083,20210604,青菜,1
527110,20210612,青菜,1
527244,20210610,青菜,1
527623,20210603,青菜,1
527623,20210605,青菜,1
529092,20210612,青菜,1
529092,20210627,青菜,1
529214,20210609,青菜,1
530845,20210617,下午茶,1
530845,20210630,肉品,1
530845,20210701,水果,1
531922,20210605,青菜,1
531922,20210606,青菜,1
532440,20210606,青菜,1
532440,20210619,水果,1
534325,20210623,下午茶,1
535402,20210603,青菜,1
535856,20210629,烘焙點心,1
536102,20210613,粽子,1
536354,20210604,青菜,1
537680,20210620,青菜,1
537686,20210601,青菜,1
537686,20210622,青菜,1
537686,20210627,青菜,1
538232,20210619,水果,1
540923,20210626,水果,1
541726,20210616,水果,1
541762,20210604,青菜,1
543061,20210609,青菜,1
543094,20210613,青菜,1
544867,20210602,青菜,2
545092,20210611,粽子,1
546716,20210529,青菜,1
546795,20210618,青菜,1
547910,20210610,青菜,1
547913,20210613,青菜,1
549278,20210616,水果,1
549278,20210620,青菜,1
549418,20210528,青菜,1
549910,20210603,青菜,1
550616,20210601,青菜,1
550616,20210627,青菜,1
551459,20210623,下午茶,1
552108,20210606,青菜,1
552167,20210529,青菜,1
552167,20210622,青菜,1
552587,20210609,青菜,1
552587,20210630,肉品,1
553760,20210611,粽子,1
553760,20210613,粽子,1
553955,20210603,青菜,1
555300,20210625,青菜,1
555386,20210611,青菜,1
557108,20210530,青菜,1
558114,20210612,青菜,1
559029,20210528,青菜,1
559506,20210629,青菜,1
561570,20210630,肉品,1
561850,20210622,青菜,1
562596,20210613,青菜,1
562721,20210625,青菜,1
564292,20210529,青菜,1
568649,20210611,青菜,1
570719,20210701,下午茶,1
570749,20210601,青菜,1
572034,20210619,水果,1
572314,20210528,青菜,1
573501,20210613,青菜,1
577064,20210620,青菜,1
577261,20210620,青菜,1
578030,20210602,青菜,1
578838,20210611,青菜,1
578874,20210629,青菜,1
578980,20210528,青菜,1
579347,20210610,青菜,1
579441,20210701,水果,1
580016,20210626,水果,1
580570,20210529,青菜,1
580570,20210626,水果,1
580581,20210610,青菜,1
582093,20210618,青菜,1
585934,20210611,青菜,1
590193,20210529,青菜,1
591850,20210609,青菜,1
591850,20210622,青菜,1
592694,20210629,青菜,1
592704,20210622,青菜,1
594578,20210629,烘焙點心,1
594827,20210605,青菜,1
595194,20210624,零食,1
595825,20210615,零食,1
596708,20210615,零食,2
597374,20210528,青菜,1
598898,20210611,粽子,1
598962,20210529,青菜,1
599075,20210615,零食,1
601148,20210606,青菜,1
602092,20210612,青菜,1
602092,20210625,青菜,1
603332,20210620,青菜,1
606036,20210624,零食,1
606118,20210627,青菜,1
606295,20210622,青菜,1
607308,20210611,青菜,1
608850,20210604,青菜,1
609349,20210610,青菜,1
609809,20210605,青菜,1
609809,20210627,青菜,1
610079,20210622,青菜,1
611319,20210619,水果,1
613672,20210605,青菜,1
614096,20210608,青菜,1
615188,20210622,青菜,1
617920,20210615,零食,1
617936,20210624,零食,1
618146,20210606,青菜,1
618146,20210611,粽子,1
618146,20210627,青菜,1
619131,20210623,下午茶,1
619999,20210529,青菜,1
619999,20210626,水果,1
620118,20210603,青菜,1
621918,20210701,水果,1
623726,20210624,零食,1
624804,20210528,青菜,1
624972,20210624,零食,1
625576,20210620,青菜,1
625576,20210629,青菜,1
626049,20210622,青菜,1
627014,20210620,青菜,1
627906,20210627,青菜,1
628370,20210613,粽子,1
628968,20210530,青菜,1
629746,20210618,青菜,1
629933,20210613,粽子,1
630025,20210615,零食,1
630025,20210627,青菜,1
630231,20210701,水果,1
630333,20210623,下午茶,1
630705,20210605,青菜,1
631224,20210624,零食,1
633112,20210605,青菜,1
633151,20210606,青菜,1
634018,20210530,青菜,1
635247,20210604,青菜,1
635260,20210609,青菜,1
635767,20210627,青菜,1
635939,20210616,水果,1
635939,20210624,零食,1
636939,20210701,水果,1
637243,20210630,肉品,1
637518,20210604,青菜,1
638533,20210630,肉品,1
639606,20210630,肉品,1
641275,20210626,水果,1
642975,20210608,青菜,1
642975,20210620,青菜,1
644441,20210604,青菜,1
644865,20210612,青菜,1
644865,20210625,青菜,1
644865,20210626,水果,1
645351,20210616,水果,1
646239,20210528,青菜,1
646260,20210619,水果,1
646966,20210622,青菜,1
647087,20210613,青菜,1
647269,20210601,青菜,1
647802,20210622,青菜,1
648567,20210626,水果,1
649699,20210612,青菜,1
649996,20210612,青菜,1
650755,20210627,青菜,1
651243,20210603,青菜,1
651464,20210629,烘焙點心,1
651806,20210615,零食,1
652685,20210612,青菜,1
653183,20210613,青菜,1
653183,20210619,水果,1
653360,20210701,水果,1
653919,20210627,青菜,1
654336,20210528,青菜,1
654803,20210528,青菜,1
654803,20210605,青菜,1
655505,20210613,青菜,1
655996,20210605,青菜,1
656291,20210629,青菜,1
656733,20210603,青菜,1
657845,20210613,青菜,1
658701,20210606,青菜,1
658785,20210618,青菜,1
660171,20210627,青菜,1
660628,20210620,青菜,1
661925,20210625,青菜,1
663620,20210603,青菜,1
663965,20210609,青菜,1
664260,20210615,零食,1
665095,20210623,下午茶,1
665097,20210624,零食,1
666114,20210615,零食,1
666114,20210629,烘焙點心,1
670014,20210530,青菜,1
670294,20210618,青菜,1
670556,20210627,青菜,1
670561,20210629,青菜,1
674965,20210701,水果,1
675230,20210529,青菜,1
675230,20210613,青菜,1
675886,20210530,青菜,1
675994,20210611,粽子,1
676005,20210605,青菜,1
676948,20210622,青菜,1
677566,20210627,青菜,1
677688,20210623,下午茶,1
677915,20210701,水果,1
678053,20210609,青菜,1
678053,20210622,青菜,1
679124,20210530,青菜,1
679862,20210529,青菜,1
679890,20210615,零食,1
679971,20210616,水果,1
680198,20210606,青菜,1
681333,20210620,青菜,1
681333,20210627,青菜,1
681369,20210625,青菜,1
681369,20210701,下午茶,1
681419,20210528,青菜,1
681419,20210612,青菜,2
681440,20210619,水果,1
682255,20210622,青菜,1
682805,20210602,青菜,1
682806,20210601,青菜,1
682806,20210602,青菜,1
683121,20210612,青菜,1
683786,20210606,青菜,1
683792,20210528,青菜,1
683908,20210530,青菜,1
684397,20210612,青菜,1
685023,20210613,粽子,1
685023,20210619,水果,2
685023,20210620,青菜,1
685106,20210528,青菜,1
685106,20210620,青菜,1
685685,20210611,青菜,1
685685,20210627,青菜,1
687541,20210611,青菜,1
687957,20210605,青菜,1
688607,20210611,青菜,1
689005,20210701,水果,1
689235,20210528,青菜,1
689737,20210609,青菜,1
689767,20210606,青菜,1
690210,20210608,青菜,1
690734,20210620,青菜,1
690949,20210624,零食,1
693720,20210626,水果,1
694076,20210610,青菜,1
695734,20210528,青菜,1
695734,20210618,青菜,1
699546,20210601,青菜,1
700647,20210622,青菜,1
704096,20210602,青菜,1
705233,20210606,青菜,1
707294,20210601,青菜,1
708669,20210613,青菜,1
708836,20210601,青菜,2
710555,20210529,青菜,1
716704,20210616,水果,1
720149,20210604,青菜,1
724879,20210618,青菜,1
724879,20210619,水果,2
726623,20210602,青菜,1
729109,20210608,青菜,1
732305,20210610,青菜,1
732305,20210625,青菜,1
738456,20210613,青菜,1
743286,20210612,青菜,1
743842,20210603,青菜,1
748932,20210605,青菜,1
751638,20210612,青菜,1
754785,20210620,青菜,1
754785,20210627,青菜,1
754785,20210701,下午茶,1
757898,20210601,青菜,1
763699,20210701,水果,1
764395,20210619,水果,1
764425,20210626,水果,1
765673,20210630,肉品,1
769425,20210602,青菜,1
771605,20210603,青菜,1
772428,20210627,青菜,1
772524,20210613,青菜,1
774258,20210613,青菜,1
775443,20210625,青菜,1
775842,20210623,下午茶,1
777459,20210620,青菜,1
778189,20210613,青菜,1
783034,20210629,青菜,1
787721,20210630,肉品,1
790509,20210626,水果,1
790953,20210604,青菜,1
791495,20210613,青菜,1
792834,20210613,粽子,1
793070,20210613,青菜,1
794446,20210627,青菜,1
795639,20210608,青菜,1
795639,20210612,青菜,1
795639,20210618,青菜,1
795639,20210623,下午茶,1
795639,20210625,青菜,1
795639,20210629,青菜,1
797114,20210608,青菜,1
799935,20210528,青菜,1
800438,20210605,青菜,1
800672,20210601,青菜,1
801584,20210530,青菜,1
802895,20210620,青菜,1
803102,20210604,青菜,1
807580,20210528,青菜,1
808580,20210701,水果,1
809567,20210529,青菜,1
811586,20210605,青菜,2
811753,20210606,青菜,1
811753,20210612,青菜,1
811819,20210616,水果,1
812856,20210613,青菜,1
813631,20210630,肉品,1
814137,20210605,青菜,1
814771,20210528,青菜,1
816584,20210616,水果,1
817922,20210615,零食,1
818026,20210528,青菜,1
818026,20210606,青菜,1
818026,20210618,青菜,1
820346,20210613,粽子,1
821521,20210613,青菜,1
823420,20210604,青菜,1
824239,20210528,青菜,1
824239,20210701,水果,1
825954,20210604,青菜,1
826560,20210606,青菜,1
828398,20210529,青菜,1
828398,20210620,青菜,1
829032,20210528,青菜,1
830221,20210528,青菜,1
830311,20210629,烘焙點心,1
831151,20210620,青菜,1
832146,20210620,青菜,1
832602,20210613,粽子,1
836086,20210528,青菜,1
837135,20210625,青菜,1
838095,20210611,粽子,1
839411,20210620,青菜,1
839556,20210606,青菜,1
841196,20210613,粽子,1
841412,20210620,青菜,1
842358,20210605,青菜,1
842358,20210701,下午茶,1
842855,20210603,青菜,1
845885,20210606,青菜,1
846060,20210609,青菜,1
846060,20210618,青菜,1
846060,20210619,水果,1
846060,20210625,青菜,1
846060,20210626,水果,1
847650,20210624,零食,1
847871,20210604,青菜,1
847871,20210618,青菜,1
847871,20210625,青菜,1
849487,20210529,青菜,1
849519,20210620,青菜,1
850089,20210611,粽子,1
850194,20210618,青菜,1
850213,20210529,青菜,1
850976,20210619,水果,1
850976,20210626,水果,1
851630,20210609,青菜,1
851713,20210629,青菜,1
851863,20210616,水果,1
853135,20210604,青菜,1
854016,20210603,青菜,1
854055,20210602,青菜,1
854281,20210620,青菜,1
854281,20210623,下午茶,1
854281,20210701,下午茶,1
855740,20210701,水果,1
856383,20210530,青菜,1
857422,20210620,青菜,1
858742,20210613,粽子,1
858978,20210615,零食,1
860713,20210603,青菜,1
861421,20210612,青菜,1
863304,20210617,下午茶,1
863304,20210629,烘焙點心,1
863642,20210629,青菜,1
865167,20210620,青菜,1
865368,20210602,青菜,1
865402,20210603,青菜,1
865570,20210613,青菜,1
866036,20210529,青菜,1
866236,20210609,青菜,1
866450,20210605,青菜,1
866492,20210613,青菜,1
866537,20210617,下午茶,1
866973,20210605,青菜,1
867689,20210529,青菜,1
868670,20210619,水果,1
869437,20210622,青菜,1
871441,20210623,下午茶,1
871500,20210701,水果,1
873291,20210530,青菜,1
877000,20210529,青菜,1
884329,20210629,青菜,1
884689,20210613,青菜,1
886758,20210610,青菜,1
888252,20210530,青菜,1
888749,20210701,水果,1
889624,20210613,青菜,1
892501,20210610,青菜,1
898942,20210529,青菜,1
898942,20210611,青菜,1
898942,20210627,青菜,1
899929,20210605,青菜,1
900561,20210602,青菜,1
900561,20210627,青菜,1
902179,20210625,青菜,1
902523,20210619,水果,1
905897,20210613,青菜,1
907177,20210629,青菜,1
907697,20210629,青菜,1
910946,20210606,青菜,1
910946,20210620,青菜,1
911371,20210528,青菜,1
911371,20210611,青菜,1
912405,20210629,烘焙點心,1
916864,20210622,青菜,1
917522,20210609,青菜,1
917848,20210612,青菜,1
921987,20210623,下午茶,1
922742,20210622,青菜,1
922742,20210626,水果,1
923177,20210629,烘焙點心,1
925617,20210701,水果,1
926824,20210701,水果,1
927778,20210629,烘焙點心,1
927778,20210629,青菜,1
930429,20210608,青菜,1
931911,20210613,粽子,1
932405,20210611,青菜,1
934738,20210528,青菜,1
935113,20210625,青菜,1
935441,20210603,青菜,1
935441,20210613,粽子,1
935939,20210619,水果,1
941464,20210623,下午茶,1
941464,20210624,零食,1
942010,20210626,水果,1
942925,20210601,青菜,1
944141,20210630,肉品,1
947272,20210624,零食,1
951665,20210701,水果,1
956372,20210608,青菜,1
960888,20210606,青菜,1
960888,20210613,青菜,1
964248,20210620,青菜,1
964254,20210528,青菜,1
964397,20210629,青菜,1
964494,20210626,水果,1
966532,20210606,青菜,1
966623,20210609,青菜,1
967087,20210606,青菜,1
970679,20210617,下午茶,1
970723,20210627,青菜,1
970748,20210615,零食,1
973386,20210605,青菜,1
974235,20210623,下午茶,1
975589,20210530,青菜,1
976058,20210603,青菜,1
976299,20210613,粽子,1
978805,20210625,青菜,1
979440,20210602,青菜,1
979440,20210610,青菜,1
980914,20210622,青菜,1
981467,20210610,青菜,1
982872,20210528,青菜,1
982872,20210613,粽子,1
983352,20210701,水果,1
983999,20210619,水果,1
983999,20210701,水果,1
991325,20210613,青菜,1
991514,20210530,青菜,1
998568,20210611,粽子,1
999589,20210629,烘焙點心,1
1002426,20210613,青菜,1
1003284,20210611,粽子,1
1003576,20210606,青菜,1
1007658,20210528,青菜,1
1008747,20210529,青菜,1
1009740,20210611,青菜,1
1009740,20210619,水果,1
1009780,20210619,水果,1
1010886,20210528,青菜,1
1011135,20210622,青菜,1
1011794,20210530,青菜,1
1011828,20210613,青菜,1
1012259,20210613,粽子,1
1017274,20210612,青菜,1
1019556,20210530,青菜,1
1022093,20210613,粽子,1
1022352,20210606,青菜,1
1022903,20210627,青菜,1
1024285,20210626,水果,1
1024467,20210604,青菜,1
1024631,20210529,青菜,1
1024705,20210615,零食,1
1025348,20210613,青菜,1
1025898,20210626,水果,1
1025898,20210629,青菜,1
1026495,20210612,青菜,1
1026495,20210622,青菜,1
1026495,20210629,青菜,1
1027806,20210612,青菜,1
1029443,20210627,青菜,1
1030563,20210619,水果,1
1031361,20210530,青菜,1
1032486,20210606,青菜,1
1033502,20210608,青菜,1
1034763,20210629,青菜,1
1037007,20210530,青菜,1
1037007,20210629,青菜,1
1038272,20210620,青菜,1
1038502,20210629,烘焙點心,1
1040105,20210620,青菜,1
1040774,20210604,青菜,1
1040953,20210528,青菜,1
1042110,20210701,水果,1
1042818,20210529,青菜,1
1042818,20210605,青菜,1
1043003,20210627,青菜,1
1043077,20210629,青菜,1
1045227,20210620,青菜,1
1045467,20210612,青菜,1
1045572,20210612,青菜,1
1045795,20210620,青菜,1
1045868,20210613,青菜,1
1047618,20210602,青菜,1
1047618,20210612,青菜,1
1049900,20210528,青菜,1
1050166,20210629,烘焙點心,1
1051399,20210529,青菜,1
1051655,20210620,青菜,1
1051927,20210623,下午茶,1
1052651,20210627,青菜,1
1052675,20210620,青菜,1
1052822,20210605,青菜,1
1052920,20210617,下午茶,1
1053407,20210606,青菜,1
1053679,20210620,青菜,1
1053951,20210603,青菜,1
1054022,20210617,下午茶,1
1054678,20210604,青菜,1
1054678,20210611,青菜,2
1057792,20210606,青菜,1
1057792,20210612,青菜,1
1057792,20210620,青菜,1
1058219,20210629,青菜,1
1058560,20210610,青菜,1
1058560,20210611,粽子,2
1059665,20210609,青菜,1
1059665,20210619,水果,1
1060034,20210627,青菜,1
1060737,20210618,青菜,1
1060915,20210630,肉品,1
1061423,20210613,粽子,4
1061423,20210617,下午茶,1
1062429,20210609,青菜,1
1062429,20210620,青菜,1
1062593,20210528,青菜,1
1062603,20210701,下午茶,1
1065309,20210608,青菜,1
1065789,20210611,粽子,1
1065945,20210529,青菜,1
1066384,20210619,水果,1
1066412,20210613,粽子,1
1066610,20210618,青菜,1
1067634,20210624,零食,1
1068562,20210605,青菜,1
1068730,20210618,青菜,1
1069076,20210619,水果,1
1069076,20210626,水果,1
1069319,20210612,青菜,1
1069346,20210610,青菜,1
1070176,20210627,青菜,1
1070662,20210622,青菜,1
1071736,20210625,青菜,1
1074466,20210618,青菜,1
1076668,20210624,零食,1
1076860,20210611,青菜,1
1077751,20210622,青菜,1
1078013,20210528,青菜,1
1078013,20210627,青菜,1
1080447,20210627,青菜,1
1080622,20210623,下午茶,1
1081202,20210609,青菜,1
1081618,20210627,青菜,1
1082219,20210611,青菜,1
1083153,20210612,青菜,1
1085653,20210613,青菜,1
1085653,20210622,青菜,1
1085877,20210530,青菜,1
1087047,20210620,青菜,1
1087083,20210622,青菜,1
1087775,20210629,烘焙點心,1
1087864,20210620,青菜,1
1088746,20210627,青菜,1
1089103,20210701,水果,1
1090394,20210530,青菜,1
1090838,20210529,青菜,1
1090889,20210528,青菜,1
1091748,20210530,青菜,1
1091748,20210608,青菜,1
1091994,20210604,青菜,1
1092643,20210611,青菜,1
1093441,20210612,青菜,1
1094261,20210528,青菜,1
1094304,20210604,青菜,1
1094902,20210623,下午茶,1
1094978,20210701,水果,1
1095376,20210612,青菜,1
1095482,20210620,青菜,1
1096445,20210610,青菜,1
1096445,20210625,青菜,1
1096445,20210627,青菜,1
1101055,20210701,水果,1
1107663,20210626,水果,1
1116512,20210701,水果,1
1118973,20210613,青菜,1
1119902,20210611,青菜,1
1121751,20210627,青菜,1
1122382,20210529,青菜,1
1125122,20210613,青菜,1
1127210,20210626,水果,1
1128552,20210603,青菜,1
1130206,20210629,青菜,1
1131122,20210613,粽子,1
1135563,20210624,零食,1
1138793,20210613,青菜,1
1142038,20210623,下午茶,1
1142346,20210629,烘焙點心,1
1144189,20210529,青菜,1
1149423,20210612,青菜,1
1149423,20210620,青菜,1
1151027,20210608,青菜,1
1151027,20210616,水果,1
1151180,20210627,青菜,1
1151531,20210601,青菜,1
1152636,20210624,零食,1
1153018,20210619,水果,1
1153018,20210622,青菜,1
1156653,20210701,下午茶,1
1159124,20210601,青菜,1
1159551,20210613,粽子,1
1160088,20210606,青菜,1
1160673,20210629,烘焙點心,1
1160674,20210627,青菜,1
1161301,20210604,青菜,1
1168693,20210623,下午茶,1
1170568,20210606,青菜,1
1170568,20210618,青菜,1
1171545,20210629,青菜,1
1172216,20210613,青菜,1
1172269,20210622,青菜,1
1172957,20210618,青菜,1
1176432,20210613,青菜,1
1178824,20210619,水果,1
1179302,20210528,青菜,1
1179530,20210608,青菜,1
1179868,20210613,青菜,1
1180898,20210624,零食,1
1181107,20210629,青菜,1
1183042,20210701,水果,1
1183238,20210611,青菜,1
1183238,20210623,下午茶,1
1185297,20210622,青菜,1
1186150,20210604,青菜,1
1186481,20210612,青菜,1
1187176,20210629,烘焙點心,1
1187839,20210612,青菜,1
1188145,20210605,青菜,1
1188556,20210605,青菜,1
1188556,20210619,水果,1
1188556,20210625,青菜,1
1188596,20210619,水果,1
1188925,20210530,青菜,1
1190176,20210625,青菜,1
1191533,20210624,零食,1
1192068,20210613,青菜,1
1193434,20210529,青菜,1
1195359,20210624,零食,1
1195588,20210615,零食,1
1195909,20210615,零食,1
1196903,20210606,青菜,1
1199407,20210610,青菜,1
1200602,20210606,青菜,1
1200602,20210620,青菜,1
1200602,20210629,青菜,1
1202009,20210606,青菜,1
1202406,20210620,青菜,1
1202741,20210529,青菜,1
1203050,20210530,青菜,1
1203050,20210601,青菜,1
1203050,20210627,青菜,1
1204250,20210606,青菜,1
1204484,20210624,零食,1
1204714,20210604,青菜,1
1204923,20210615,零食,1
1205554,20210630,肉品,1
1206873,20210606,青菜,1
1207450,20210624,零食,1
1210472,20210528,青菜,1
1216509,20210616,水果,1
1217035,20210604,青菜,1
1222231,20210530,青菜,1
1222262,20210701,下午茶,1
1223510,20210618,青菜,1
1224463,20210629,青菜,1
1224640,20210618,青菜,1
1224640,20210619,水果,1
1225830,20210605,青菜,1
1226599,20210611,粽子,1
1228225,20210529,青菜,1
1228478,20210618,青菜,1
1229732,20210605,青菜,1
1230164,20210701,水果,1
1230717,20210611,青菜,1
1230717,20210616,水果,1
1230985,20210611,粽子,1
1231289,20210623,下午茶,1
1231705,20210613,青菜,1
1232129,20210606,青菜,1
1232738,20210606,青菜,1
1233190,20210606,青菜,1
1235863,20210602,青菜,1
1236326,20210620,青菜,1
1236846,20210630,肉品,1
1237711,20210701,水果,1
1239050,20210623,下午茶,1
1240066,20210529,青菜,1
1240066,20210606,青菜,1
1240066,20210625,青菜,1
1240480,20210601,青菜,1
1241052,20210530,青菜,1
1242022,20210620,青菜,1
1244974,20210623,下午茶,1
1245512,20210604,青菜,1
1245616,20210623,下午茶,1
1246462,20210528,青菜,1
1247684,20210622,青菜,1
1248900,20210613,粽子,1
1249059,20210613,青菜,1
1250484,20210528,青菜,1
1250484,20210616,水果,1
1251006,20210601,青菜,1
1251018,20210620,青菜,1
1251526,20210619,水果,1
1251754,20210612,青菜,1
1251754,20210620,青菜,1
1251754,20210626,水果,1
1251754,20210627,青菜,1
1251776,20210528,青菜,1
1251790,20210530,青菜,1
1251820,20210605,青菜,1
1251820,20210626,水果,1
1251820,20210629,青菜,1
1251996,20210528,青菜,1
1252636,20210630,肉品,1
1254368,20210611,粽子,1
1254578,20210530,青菜,1
1254648,20210620,青菜,1
1255373,20210626,水果,1
1256703,20210627,青菜,1
1256954,20210629,青菜,1
1257207,20210611,粽子,1
1257207,20210622,青菜,1
1258677,20210608,青菜,1
1258819,20210528,青菜,1
1258968,20210629,青菜,1
1259306,20210606,青菜,1
1259538,20210529,青菜,1
1259731,20210601,青菜,1
1260876,20210620,青菜,1
1260876,20210627,青菜,1
1261353,20210618,青菜,1
1263465,20210623,下午茶,1
1263528,20210612,青菜,1
1265082,20210605,青菜,1
1267287,20210603,青菜,1
1267928,20210604,青菜,1
1268367,20210530,青菜,1
1269828,20210622,青菜,1
1269933,20210612,青菜,1
1270847,20210601,青菜,1
1271466,20210604,青菜,1
1274367,20210604,青菜,1
1275285,20210606,青菜,1
1278473,20210529,青菜,1
1279126,20210529,青菜,1
1279126,20210618,青菜,1
1279126,20210619,水果,1
1281163,20210528,青菜,1
1281674,20210528,青菜,1
1283407,20210701,水果,1
1283445,20210530,青菜,1
1283445,20210603,青菜,1
1283445,20210606,青菜,1
1283445,20210612,青菜,1
1283767,20210623,下午茶,1
1284512,20210606,青菜,1
1284789,20210613,青菜,1
1285116,20210627,青菜,1
1285151,20210613,青菜,1
1285734,20210620,青菜,1
1287834,20210611,青菜,1
1288003,20210602,青菜,1
1291010,20210616,水果,1
1291900,20210613,粽子,1
1292295,20210620,青菜,1
1292295,20210627,青菜,1
1292809,20210618,青菜,1
1293567,20210613,粽子,1
1294288,20210528,青菜,1
1295121,20210528,青菜,2
1295121,20210617,下午茶,1
1296005,20210624,零食,1
1297871,20210529,青菜,1
1298184,20210615,零食,1
1298418,20210530,青菜,1
1298746,20210602,青菜,1
1299855,20210605,青菜,1
1299896,20210610,青菜,1
1300306,20210619,水果,1
1300306,20210626,水果,1
1300665,20210606,青菜,1
1300959,20210701,下午茶,1
1302301,20210610,青菜,1
1303064,20210618,青菜,1
1303088,20210605,青菜,1
1303189,20210620,青菜,1
1303201,20210528,青菜,1
1304179,20210602,青菜,1
1308106,20210627,青菜,1
1309587,20210529,青菜,1
1309843,20210613,粽子,1
1312345,20210625,青菜,1
1313023,20210630,肉品,1
1313551,20210610,青菜,1
1313727,20210624,零食,1
1315944,20210608,青菜,1
1315944,20210619,水果,1
1315944,20210625,青菜,1
1315944,20210626,水果,1
1318830,20210528,青菜,1
1322661,20210627,青菜,1
1325961,20210620,青菜,1
1325961,20210627,青菜,1
1329259,20210613,粽子,1
1330380,20210606,青菜,1
1332504,20210613,青菜,1
1338643,20210605,青菜,1
1338856,20210612,青菜,1
1339593,20210623,下午茶,1
1345768,20210619,水果,1
1346924,20210609,青菜,1
1347364,20210630,肉品,1
1349163,20210603,青菜,1
1349218,20210528,青菜,1
1349218,20210605,青菜,1
1349218,20210618,青菜,1
1351855,20210605,青菜,1
1352330,20210624,零食,1
1352459,20210612,青菜,1
1355696,20210613,粽子,1
1356079,20210611,粽子,1
1356079,20210701,水果,1
1357368,20210613,青菜,1
1361961,20210623,下午茶,1
1363151,20210627,青菜,1
1366101,20210627,青菜,1
1366311,20210625,青菜,1
1368108,20210618,青菜,1
1368246,20210530,青菜,1
1369176,20210528,青菜,1
1370471,20210609,青菜,1
1371946,20210623,下午茶,1
1371998,20210609,青菜,1
1372076,20210623,下午茶,1
1373332,20210626,水果,1
1374686,20210603,青菜,1
1374686,20210605,青菜,1
1374696,20210613,粽子,1
1374939,20210609,青菜,1
1375466,20210618,青菜,1
1376192,20210618,青菜,1
1378340,20210606,青菜,1
1378340,20210615,零食,1
1378340,20210620,青菜,1
1378340,20210626,水果,1
1380575,20210626,水果,1
1380944,20210613,粽子,1
1381245,20210609,青菜,1
1381245,20210620,青菜,1
1382567,20210529,青菜,1
1382567,20210530,青菜,1
1383053,20210608,青菜,1
1384461,20210610,青菜,1
1384728,20210605,青菜,1
1385160,20210613,青菜,1
1385299,20210611,青菜,1
1386130,20210611,粽子,1
1386264,20210611,粽子,1
1386381,20210622,青菜,1
1387034,20210622,青菜,1
1387344,20210612,青菜,1
1390874,20210627,青菜,1
1393670,20210625,青菜,1
1393877,20210529,青菜,2
1393877,20210620,青菜,1
1394225,20210529,青菜,1
1395706,20210605,青菜,1
1396928,20210609,青菜,1
1398435,20210629,青菜,1
1398554,20210623,下午茶,1
1399521,20210610,青菜,1
1404019,20210612,青菜,1
1405651,20210615,零食,1
1410537,20210604,青菜,1
1411162,20210616,水果,1
1411368,20210609,青菜,1
1411543,20210601,青菜,1
1411631,20210611,粽子,1
1411755,20210701,水果,1
1412756,20210605,青菜,1
1413046,20210608,青菜,1
1413046,20210620,青菜,1
1414029,20210601,青菜,1
1414029,20210627,青菜,1
1414355,20210602,青菜,1
1416120,20210613,粽子,1
1416395,20210613,粽子,1
1417319,20210530,青菜,1
1420927,20210626,水果,1
1422412,20210530,青菜,1
1426132,20210605,青菜,1
1426461,20210622,青菜,1
1428005,20210627,青菜,1
1428595,20210605,青菜,1
1429048,20210604,青菜,1
1429277,20210609,青菜,1
1429629,20210613,青菜,1
1430486,20210613,青菜,1
1430841,20210615,零食,1
1433326,20210530,青菜,1
1433326,20210623,下午茶,1
1433408,20210528,青菜,1
1433866,20210612,青菜,1
1434166,20210624,零食,1
1435147,20210627,青菜,1
1435867,20210528,青菜,1
1436457,20210530,青菜,1
1437475,20210528,青菜,1
1437475,20210609,青菜,1
1438173,20210606,青菜,1
1438721,20210620,青菜,1
1438930,20210612,青菜,2
1438930,20210620,青菜,1
1439472,20210611,粽子,1
1439568,20210602,青菜,1
1441138,20210625,青菜,1
1442503,20210611,粽子,1
1445431,20210601,青菜,1
1445497,20210701,水果,1
1446255,20210612,青菜,1
1446255,20210620,青菜,1
1446255,20210627,青菜,1
1447759,20210618,青菜,1
1448280,20210619,水果,1
1448296,20210529,青菜,1
1448617,20210613,粽子,1
1450993,20210627,青菜,1
1453523,20210623,下午茶,1
1453523,20210624,零食,1
1454544,20210620,青菜,1
1455685,20210609,青菜,1
1457705,20210624,零食,1
1457705,20210625,青菜,1
1457853,20210627,青菜,1
1457993,20210613,青菜,1
1457993,20210623,下午茶,1
1457993,20210625,青菜,1
1458230,20210604,青菜,1
1459473,20210605,青菜,1
1459473,20210613,青菜,1
1460617,20210529,青菜,1
1460662,20210618,青菜,1
1460715,20210701,水果,1
1461819,20210609,青菜,1
1464691,20210529,青菜,1
1464949,20210604,青菜,1
1465651,20210618,青菜,1
1467627,20210603,青菜,1
1469126,20210606,青菜,1
1469783,20210616,水果,1
1469948,20210618,青菜,1
1469948,20210630,肉品,1
1470997,20210620,青菜,1
1470997,20210701,水果,1
1472368,20210627,青菜,1
1474585,20210611,粽子,1
1474585,20210613,粽子,1
1474626,20210630,肉品,1
1474952,20210613,青菜,1
1474952,20210619,水果,1
1475549,20210528,青菜,1
1475627,20210601,青菜,1
1476673,20210528,青菜,1
1477136,20210622,青菜,1
1478631,20210528,青菜,1
1479073,20210602,青菜,1
1479116,20210622,青菜,1
1481194,20210613,青菜,1
1481300,20210605,青菜,1
1481624,20210625,青菜,1
1481624,20210629,烘焙點心,1
1482122,20210625,青菜,1
1483233,20210605,青菜,1
1484104,20210613,粽子,1
1486830,20210610,青菜,1
1486830,20210623,下午茶,1
1486920,20210529,青菜,1
1487047,20210612,青菜,1
1488481,20210530,青菜,1
1491515,20210603,青菜,1
1492744,20210610,青菜,1
1493017,20210606,青菜,1
1493017,20210627,青菜,1
1494112,20210701,水果,1
1495335,20210605,青菜,1
1495492,20210602,青菜,1
1497032,20210629,青菜,1
1497250,20210701,水果,1
1498224,20210616,水果,1
1500678,20210613,青菜,1
1500988,20210603,青菜,1
1501514,20210616,水果,1
1501514,20210630,肉品,1
1501907,20210613,粽子,1
1502102,20210629,烘焙點心,1
1502543,20210612,青菜,1
1502836,20210611,粽子,1
1503262,20210623,下午茶,1
1503929,20210603,青菜,1
1503952,20210618,青菜,1
1504161,20210623,下午茶,1
1504434,20210528,青菜,1
1504812,20210625,青菜,1
1505394,20210604,青菜,1
1505958,20210627,青菜,1
1506141,20210608,青菜,1
1506555,20210606,青菜,1
1506713,20210613,粽子,1
1507520,20210613,青菜,1
1508167,20210529,青菜,1
1508167,20210615,零食,1
1508167,20210627,青菜,1
1508566,20210608,青菜,1
1508566,20210619,水果,1
1509000,20210602,青菜,1
1509015,20210530,青菜,1
1509570,20210604,青菜,1
1510312,20210606,青菜,1
1510317,20210606,青菜,1
1510369,20210610,青菜,1
1510391,20210623,下午茶,1
1510757,20210610,青菜,1
1510863,20210701,下午茶,1
1511198,20210612,青菜,1
1511619,20210530,青菜,1
1512256,20210623,下午茶,1
1513350,20210622,青菜,1
1513388,20210615,零食,1
1513961,20210605,青菜,1
1514538,20210530,青菜,1
1514648,20210611,青菜,1
1515952,20210530,青菜,1
1516096,20210625,青菜,1
1516449,20210618,青菜,1
1516614,20210627,青菜,1
1516895,20210601,青菜,1
1516895,20210606,青菜,1
1517437,20210618,青菜,1
1517530,20210606,青菜,1
1517673,20210627,青菜,1
1518831,20210627,青菜,1
1518898,20210606,青菜,1
1518898,20210630,肉品,1
1519026,20210612,青菜,1
1519102,20210529,青菜,1
1520445,20210609,青菜,1
1520753,20210602,青菜,1
1520769,20210701,水果,1
1521117,20210619,水果,1
1521117,20210629,烘焙點心,1
1521117,20210701,水果,1
1523005,20210530,青菜,1
1523471,20210629,烘焙點心,1
1524777,20210601,青菜,1
1525691,20210603,青菜,1
1525804,20210603,青菜,1
1526408,20210528,青菜,1
1527075,20210617,下午茶,1
1527211,20210623,下午茶,1
1529227,20210603,青菜,1
1532913,20210616,水果,1
1534171,20210605,青菜,1
1534359,20210605,青菜,1
1534800,20210529,青菜,1
1535439,20210611,青菜,1
1535655,20210611,青菜,1
1536247,20210606,青菜,1
1538061,20210611,青菜,1
1538079,20210529,青菜,1
1538122,20210528,青菜,1
1538263,20210530,青菜,1
1539295,20210613,青菜,1
1539352,20210622,青菜,1
1541855,20210626,水果,1
1541924,20210612,青菜,1
1542110,20210609,青菜,1
1542228,20210603,青菜,1
1543233,20210611,粽子,1
1543495,20210601,青菜,1
1543495,20210618,青菜,1
1543565,20210613,青菜,1
1544076,20210610,青菜,1
1544330,20210608,青菜,1
1544386,20210603,青菜,1
1544386,20210627,青菜,1
1544413,20210530,青菜,1
1544580,20210604,青菜,1
1546136,20210613,粽子,2
1546443,20210601,青菜,1
1546443,20210627,青菜,1
1548816,20210622,青菜,1
1550681,20210613,青菜,1
1551163,20210618,青菜,1
1551505,20210701,水果,1
1552454,20210619,水果,1
1552504,20210611,粽子,1
1552670,20210619,水果,1
1552678,20210530,青菜,1
1553766,20210606,青菜,1
1555705,20210606,青菜,1
1556031,20210606,青菜,1
1557432,20210622,青菜,1
1557522,20210611,粽子,2
1559920,20210605,青菜,1
1560042,20210611,青菜,1
1560869,20210625,青菜,1
1561297,20210601,青菜,1
1562164,20210627,青菜,1
1562299,20210606,青菜,1
1563243,20210615,零食,1
1563310,20210604,青菜,1
1563344,20210619,水果,1
1564528,20210603,青菜,1
1564811,20210629,烘焙點心,1
1566427,20210624,零食,1
1566829,20210618,青菜,1
1567121,20210611,青菜,1
1567611,20210630,肉品,1
1568035,20210622,青菜,1
1569513,20210529,青菜,1
1570931,20210615,零食,1
1571039,20210626,水果,1
1571072,20210629,青菜,1
1571239,20210609,青菜,1
1571748,20210602,青菜,1
1571748,20210612,青菜,1
1571748,20210625,青菜,1
1571764,20210603,青菜,1
1573884,20210627,青菜,1
1574956,20210611,粽子,1
1576299,20210629,烘焙點心,1
1580763,20210528,青菜,1
1580966,20210604,青菜,1
1581138,20210701,水果,1
1582019,20210615,零食,1
1582190,20210530,青菜,1
1582813,20210629,青菜,1
1584424,20210627,青菜,1
1585746,20210613,青菜,1
1586200,20210603,青菜,1
1586357,20210622,青菜,1
1586362,20210611,粽子,1
1586960,20210629,青菜,1
1588458,20210529,青菜,1
1588850,20210620,青菜,1
1589520,20210606,青菜,1
1589535,20210605,青菜,1
1589535,20210619,水果,1
1589661,20210625,青菜,1
1590658,20210601,青菜,1
1590658,20210610,青菜,1
1590658,20210620,青菜,1
1592053,20210613,粽子,1
1592544,20210606,青菜,1
1593352,20210619,水果,1
1593800,20210629,青菜,1
1594040,20210529,青菜,1
1594135,20210606,青菜,1
1594135,20210611,粽子,1
1594747,20210606,青菜,1
1594747,20210629,青菜,1
1595461,20210602,青菜,1
1595771,20210529,青菜,1
1597938,20210602,青菜,1
1598287,20210612,青菜,1
1598465,20210626,水果,1
1598505,20210618,青菜,1
1599202,20210612,青菜,1
1599202,20210626,水果,1
1599245,20210603,青菜,1
1600007,20210627,青菜,1
1601202,20210606,青菜,1
1601728,20210529,青菜,1
1601728,20210611,青菜,1
1601728,20210616,水果,1
1601995,20210613,青菜,1
1603186,20210618,青菜,1
1603186,20210627,青菜,1
1603278,20210613,粽子,1
1603641,20210605,青菜,1
1603791,20210611,青菜,1
1604461,20210625,青菜,1
1605745,20210630,肉品,1
1605759,20210627,青菜,1
1605759,20210701,下午茶,1
1606519,20210615,零食,1
1606861,20210701,水果,1
1608005,20210529,青菜,1
1608005,20210606,青菜,1
1609112,20210629,青菜,1
1609625,20210613,青菜,1
1609959,20210610,青菜,1
1609959,20210619,水果,1
1610232,20210613,粽子,1
1610375,20210528,青菜,1
1611278,20210606,青菜,1
1611491,20210606,青菜,1
1612202,20210608,青菜,1
1613884,20210610,青菜,1
1615591,20210610,青菜,1
1616226,20210629,烘焙點心,1
1617302,20210629,烘焙點心,1
1618488,20210528,青菜,1
1618488,20210624,零食,1
1618894,20210606,青菜,1
1619395,20210627,青菜,1
1620079,20210608,青菜,1
1620255,20210528,青菜,1
1621343,20210530,青菜,1
1621516,20210624,零食,1
1622508,20210612,青菜,1
1623249,20210608,青菜,1
1623483,20210528,青菜,1
1623687,20210530,青菜,1
1623687,20210605,青菜,2
1626605,20210610,青菜,1
1627204,20210625,青菜,1
1627399,20210629,烘焙點心,1
1630245,20210615,零食,1
1631448,20210615,零食,1
1631448,20210617,下午茶,1
1632113,20210609,青菜,1
1632824,20210619,水果,1
1633588,20210612,青菜,1
1633614,20210529,青菜,1
1633631,20210610,青菜,1
1635140,20210610,青菜,1
1635140,20210619,水果,1
1635342,20210606,青菜,1
1635575,20210701,水果,1
1635859,20210613,青菜,1
1636051,20210608,青菜,1
1636051,20210616,水果,1
1636051,20210620,青菜,1
1637047,20210623,下午茶,1
1638651,20210601,青菜,1
1638777,20210623,下午茶,1
1640538,20210528,青菜,1
1641431,20210528,青菜,1
1641431,20210612,青菜,1
1642179,20210626,水果,1
1642192,20210611,青菜,1
1642356,20210608,青菜,1
1642917,20210530,青菜,1
1643319,20210529,青菜,1
1644587,20210529,青菜,1
1645813,20210620,青菜,1
1646080,20210616,水果,1
1646080,20210626,水果,1
1646914,20210622,青菜,1
1647827,20210624,零食,1
1650637,20210622,青菜,1
1650637,20210627,青菜,1
1651758,20210605,青菜,1
1651758,20210620,青菜,1
1652815,20210529,青菜,1
1655389,20210611,粽子,1
1655826,20210616,水果,1
1655936,20210602,青菜,1
1656276,20210627,青菜,1
1659362,20210602,青菜,1
1659649,20210603,青菜,1
1661180,20210530,青菜,1
1661180,20210625,青菜,1
1661922,20210602,青菜,1
1663325,20210615,零食,1
1663968,20210603,青菜,1
1664059,20210530,青菜,1
1664059,20210620,青菜,1
1664333,20210530,青菜,1
1664553,20210615,零食,1
1664839,20210627,青菜,1
1668380,20210609,青菜,1
1668380,20210622,青菜,1
1669259,20210612,青菜,1
1669421,20210601,青菜,1
1669905,20210629,青菜,1
1670884,20210611,青菜,1
1673543,20210529,青菜,1
1677608,20210604,青菜,1
1677727,20210529,青菜,1
1678835,20210529,青菜,1
1678835,20210616,水果,1
1679212,20210622,青菜,1
1681462,20210612,青菜,1
1684415,20210611,粽子,1
1685764,20210602,青菜,3
1685764,20210603,青菜,1
1685985,20210610,青菜,1
1685985,20210620,青菜,1
1688755,20210616,水果,1
1689302,20210617,下午茶,1
1690575,20210605,青菜,1
1690789,20210611,粽子,1
1692074,20210624,零食,1
1692204,20210629,青菜,1
1692529,20210625,青菜,1
1694692,20210611,青菜,1
1695097,20210605,青菜,1
1696577,20210530,青菜,1
1696757,20210605,青菜,1
1696757,20210623,下午茶,1
1697660,20210701,水果,1
1698276,20210613,青菜,1
1698856,20210606,青菜,1
1699870,20210606,青菜,1
1699870,20210616,水果,1
1701831,20210613,青菜,1
1701831,20210622,青菜,1
1702479,20210623,下午茶,1
1702865,20210610,青菜,1
1702988,20210701,水果,1
1703522,20210624,零食,1
1703658,20210606,青菜,1
1703962,20210701,水果,1
1704011,20210701,水果,1
1707260,20210626,水果,2
1707260,20210627,青菜,1
1707850,20210606,青菜,1
1709087,20210528,青菜,1
1709747,20210603,青菜,1
1711041,20210601,青菜,1
1713888,20210605,青菜,1
1713888,20210616,水果,1
1713888,20210701,水果,1
1714520,20210605,青菜,1
1714651,20210627,青菜,1
1715912,20210701,水果,1
1716202,20210611,粽子,1
1716343,20210619,水果,1
1717428,20210609,青菜,1
1717467,20210603,青菜,1
1720292,20210612,青菜,1
1720634,20210530,青菜,1
1721091,20210605,青菜,1
1721099,20210627,青菜,1
1722089,20210528,青菜,1
1722909,20210619,水果,1
1723200,20210528,青菜,1
1723200,20210619,水果,1
1723200,20210620,青菜,1
1723427,20210618,青菜,1
1723540,20210613,青菜,1
1724815,20210613,粽子,1
1725075,20210606,青菜,1
1725904,20210613,青菜,1
1728818,20210613,粽子,2
1728884,20210612,青菜,1
1730084,20210602,青菜,1
1730084,20210619,水果,1
1730423,20210613,青菜,1
1730697,20210619,水果,1
1731115,20210611,粽子,1
1731279,20210619,水果,1
1731888,20210611,青菜,1
1731888,20210625,青菜,1
1734243,20210620,青菜,1
1734640,20210624,零食,1
1735132,20210528,青菜,1
1735132,20210620,青菜,1
1735687,20210625,青菜,1
1738278,20210601,青菜,1
1739490,20210601,青菜,1
1739490,20210612,青菜,1
1739490,20210622,青菜,1
1740177,20210601,青菜,1
1740177,20210611,青菜,1
1740177,20210620,青菜,1
1740396,20210528,青菜,1
1740864,20210701,水果,1
1742030,20210622,青菜,1
1742030,20210630,肉品,1
1742268,20210529,青菜,1
1744441,20210620,青菜,1
1744441,20210627,青菜,1
1744711,20210603,青菜,1
1744711,20210612,青菜,1
1745614,20210620,青菜,1
1746012,20210609,青菜,1
1746250,20210622,青菜,1
1747056,20210611,青菜,1
1747728,20210701,水果,1
1747851,20210612,青菜,1
1747851,20210622,青菜,1
1749362,20210627,青菜,1
1749800,20210601,青菜,1
1750096,20210623,下午茶,1
1751109,20210625,青菜,1
1751284,20210606,青菜,1
1751530,20210609,青菜,1
1752893,20210603,青菜,1
1754584,20210605,青菜,1
1754584,20210627,青菜,1
1755593,20210624,零食,1
1756182,20210530,青菜,1
1756486,20210627,青菜,1
1756951,20210623,下午茶,1
1757587,20210610,青菜,1
1757683,20210613,青菜,1
1757777,20210530,青菜,1
1757777,20210606,青菜,1
1757777,20210618,青菜,1
1758405,20210609,青菜,1
1759604,20210625,青菜,1
1760087,20210530,青菜,1
1760177,20210629,烘焙點心,1
1761222,20210615,零食,1
1761301,20210605,青菜,1
1761598,20210609,青菜,1
1761631,20210612,青菜,1
1763245,20210624,零食,1
1763538,20210612,青菜,2
1763575,20210530,青菜,1
1765783,20210618,青菜,1
1765783,20210701,水果,1
1766374,20210620,青菜,1
1766605,20210529,青菜,1
1766605,20210605,青菜,1
1767141,20210701,下午茶,1
1767403,20210611,粽子,1
1768029,20210529,青菜,1
1768185,20210615,零食,1
1768471,20210620,青菜,1
1768495,20210624,零食,1
1768510,20210604,青菜,1
1769044,20210626,水果,1
1769366,20210606,青菜,1
1770082,20210623,下午茶,1
1770829,20210605,青菜,2
1770940,20210528,青菜,1
1771351,20210613,青菜,1
1772191,20210613,青菜,1
1772849,20210620,青菜,1
1773253,20210612,青菜,1
1773898,20210626,水果,1
1774837,20210618,青菜,1
1778379,20210625,青菜,1
1778686,20210530,青菜,1
1779078,20210605,青菜,1
1779078,20210627,青菜,1
1779595,20210606,青菜,1
1779595,20210629,青菜,1
1779802,20210623,下午茶,1
1780168,20210609,青菜,1
1780233,20210619,水果,1
1780450,20210630,肉品,1
1780465,20210612,青菜,1
1780584,20210529,青菜,1
1781254,20210606,青菜,1
1781770,20210623,下午茶,1
1783247,20210616,水果,1
1784354,20210606,青菜,1
1784484,20210606,青菜,1
1784817,20210613,青菜,1
1786051,20210625,青菜,1
1786051,20210630,肉品,1
1786051,20210701,水果,1
1786573,20210613,青菜,1
1786841,20210615,零食,1
1786979,20210605,青菜,1
1787090,20210605,青菜,1
1787241,20210619,水果,1
1788688,20210629,青菜,1
1789369,20210624,零食,1
1789382,20210613,青菜,1
1789468,20210613,青菜,1
1790040,20210627,青菜,1
1791091,20210609,青菜,1
1791680,20210625,青菜,1
1791876,20210623,下午茶,1
1791876,20210627,青菜,1
1793591,20210530,青菜,1
1793591,20210610,青菜,1
1793622,20210610,青菜,1
1793622,20210625,青菜,1
1793728,20210610,青菜,1
1794068,20210529,青菜,1
1794490,20210609,青菜,1
1795262,20210601,青菜,1
1795382,20210627,青菜,1
1795871,20210528,青菜,1
1795871,20210629,青菜,1
1796038,20210529,青菜,1
1796038,20210613,青菜,1
1796617,20210605,青菜,1
1798556,20210625,青菜,1
1798632,20210616,水果,1
1800072,20210608,青菜,1
1801354,20210530,青菜,1
1801354,20210606,青菜,1
1801394,20210623,下午茶,1
1801629,20210530,青菜,1
1802261,20210701,水果,1
1804231,20210530,青菜,1
1804452,20210626,水果,1
1805081,20210530,青菜,1
1805649,20210608,青菜,1
1805883,20210606,青菜,1
1805971,20210528,青菜,1
1806626,20210528,青菜,1
1806626,20210601,青菜,1
1806626,20210606,青菜,1
1806626,20210620,青菜,1
1806662,20210528,青菜,1
1806690,20210528,青菜,1
1806690,20210613,粽子,1
1806711,20210528,青菜,1
1806719,20210602,青菜,2
1806744,20210602,青菜,1
1806744,20210627,青菜,1
1806764,20210528,青菜,1
1806764,20210618,青菜,1
1806778,20210528,青菜,1
1806828,20210528,青菜,1
1806873,20210528,青菜,1
1806873,20210612,青菜,1
1806880,20210528,青菜,1
1806880,20210620,青菜,1
1806896,20210528,青菜,1
1806917,20210615,零食,1
1806945,20210629,青菜,1
1806980,20210528,青菜,1
1806981,20210528,青菜,1
1806981,20210613,青菜,1
1807000,20210528,青菜,1
1807012,20210530,青菜,1
1807019,20210624,零食,1
1807025,20210529,青菜,1
1807096,20210528,青菜,1
1807106,20210603,青菜,1
1807106,20210616,水果,1
1807106,20210626,水果,1
1807130,20210613,粽子,1
1807156,20210528,青菜,1
1807166,20210528,青菜,1
1807168,20210528,青菜,1
1807203,20210528,青菜,1
1807236,20210612,青菜,1
1807237,20210529,青菜,1
1807237,20210605,青菜,1
1807237,20210620,青菜,1
1807287,20210529,青菜,1
1807326,20210529,青菜,1
1807331,20210627,青菜,1
1807431,20210529,青菜,1
1807458,20210529,青菜,1
1807458,20210615,零食,1
1807458,20210619,水果,1
1807459,20210610,青菜,1
1807459,20210611,粽子,1
1807459,20210619,水果,1
1807459,20210620,青菜,1
1807459,20210629,青菜,1
1807584,20210611,青菜,1
1807599,20210612,青菜,1
1807603,20210601,青菜,1
1807606,20210530,青菜,1
1807637,20210619,水果,1
1807651,20210625,青菜,1
1807658,20210610,青菜,1
1807659,20210605,青菜,1
1807684,20210529,青菜,1
1807688,20210529,青菜,1
1807690,20210604,青菜,1
1807690,20210605,青菜,1
1807704,20210529,青菜,1
1807715,20210609,青菜,1
1807720,20210529,青菜,1
1807728,20210529,青菜,1
1807730,20210529,青菜,1
1807730,20210626,水果,1
1807739,20210530,青菜,1
1807761,20210529,青菜,1
1807877,20210612,青菜,1
1807888,20210613,青菜,1
1807888,20210629,青菜,1
1807904,20210615,零食,1
1807917,20210529,青菜,1
1807935,20210612,青菜,1
1808225,20210529,青菜,1
1808311,20210529,青菜,1
1808322,20210529,青菜,1
1808324,20210605,青菜,1
1808327,20210529,青菜,1
1808327,20210611,青菜,1
1808327,20210620,青菜,1
1808327,20210627,青菜,1
1808341,20210529,青菜,1
1808341,20210613,青菜,1
1808343,20210529,青菜,1
1808344,20210529,青菜,1
1808344,20210601,青菜,1
1808344,20210612,青菜,1
1808344,20210616,水果,1
1808345,20210529,青菜,1
1808347,20210529,青菜,1
1808348,20210613,青菜,1
1808350,20210529,青菜,1
1808382,20210620,青菜,1
1808384,20210605,青菜,1
1808385,20210529,青菜,1
1808415,20210629,青菜,1
1808416,20210529,青菜,1
1808417,20210529,青菜,1
1808417,20210612,青菜,1
1808425,20210619,水果,1
1808435,20210625,青菜,1
1808513,20210605,青菜,1
1808516,20210608,青菜,1
1808519,20210529,青菜,1
1808520,20210605,青菜,1
1808528,20210529,青菜,1
1808570,20210530,青菜,1
1808589,20210530,青菜,1
1808602,20210530,青菜,1
1808602,20210605,青菜,1
1808602,20210612,青菜,1
1808602,20210616,水果,1
1808602,20210620,青菜,1
1808602,20210626,水果,1
1808602,20210627,青菜,1
1808609,20210530,青菜,1
1808627,20210603,青菜,1
1808629,20210619,水果,1
1808633,20210604,青菜,1
1808664,20210530,青菜,1
1808690,20210613,青菜,1
1808703,20210612,青菜,1
1808728,20210530,青菜,1
1808753,20210530,青菜,2
1808777,20210602,青菜,1
1808780,20210601,青菜,1
1808780,20210608,青菜,1
1808886,20210603,青菜,1
1808886,20210606,青菜,1
1808886,20210622,青菜,1
1808890,20210608,青菜,1
1809001,20210612,青菜,1
1809001,20210625,青菜,1
1809035,20210530,青菜,1
1809035,20210629,青菜,1
1809061,20210606,青菜,1
1809114,20210611,青菜,1
1809189,20210530,青菜,1
1809218,20210620,青菜,1
1809225,20210620,青菜,1
1809270,20210618,青菜,1
1809282,20210530,青菜,1
1809282,20210622,青菜,1
1809369,20210619,水果,1
1809373,20210530,青菜,1
1809451,20210611,青菜,1
1809451,20210626,水果,1
1809567,20210612,青菜,1
1809568,20210530,青菜,1
1809569,20210530,青菜,1
1809596,20210610,青菜,1
1809621,20210530,青菜,1
1809621,20210613,粽子,1
1809648,20210530,青菜,1
1809652,20210530,青菜,1
1809711,20210530,青菜,1
1809831,20210605,青菜,1
1809870,20210530,青菜,1
1809873,20210530,青菜,1
1809975,20210602,青菜,1
1810023,20210613,青菜,1
1810058,20210609,青菜,1
1810085,20210605,青菜,1
1810085,20210620,青菜,1
1810137,20210612,青菜,1
1810231,20210604,青菜,1
1810270,20210616,水果,1
1810345,20210530,青菜,1
1810345,20210613,青菜,1
1810379,20210530,青菜,1
1810399,20210530,青菜,1
1810428,20210612,青菜,1
1810445,20210530,青菜,1
1810445,20210613,青菜,1
1810448,20210606,青菜,1
1810448,20210613,青菜,1
1810495,20210613,青菜,1
1810499,20210620,青菜,1
1810521,20210530,青菜,1
1810557,20210530,青菜,1
1810605,20210530,青菜,1
1810607,20210616,水果,1
1810623,20210619,水果,1
1810633,20210604,青菜,1
1810633,20210618,青菜,1
1810633,20210627,青菜,1
1810638,20210613,粽子,1
1810646,20210612,青菜,1
1810683,20210530,青菜,1
1810685,20210601,青菜,2
1810707,20210609,青菜,1
1810728,20210603,青菜,1
1810768,20210530,青菜,1
1810780,20210605,青菜,1
1810784,20210613,青菜,1
1810784,20210622,青菜,1
1810784,20210626,水果,1
1810840,20210530,青菜,1
1810932,20210530,青菜,1
1810946,20210608,青菜,1
1810980,20210602,青菜,1
1811002,20210530,青菜,1
1811032,20210530,青菜,1
1811039,20210622,青菜,1
1811046,20210530,青菜,1
1811058,20210627,青菜,1
1811065,20210618,青菜,1
1811068,20210530,青菜,1
1811106,20210701,水果,1
1811112,20210618,青菜,1
1811112,20210625,青菜,1
1811118,20210530,青菜,1
1811118,20210602,青菜,2
1811137,20210530,青菜,1
1811139,20210601,青菜,1
1811139,20210610,青菜,1
1811147,20210609,青菜,1
1811147,20210612,青菜,1
1811160,20210530,青菜,1
1811173,20210530,青菜,1
1811199,20210612,青菜,1
1811231,20210601,青菜,1
1811249,20210530,青菜,1
1811260,20210613,青菜,1
1811295,20210609,青菜,1
1811299,20210605,青菜,1
1811444,20210601,青菜,1
1811458,20210613,青菜,1
1811458,20210622,青菜,1
1811458,20210626,水果,1
1811484,20210602,青菜,1
1811553,20210604,青菜,1
1811553,20210627,青菜,1
1811602,20210613,青菜,1
1811603,20210610,青菜,1
1811644,20210615,零食,1
1811691,20210606,青菜,1
1811825,20210606,青菜,1
1811834,20210611,青菜,1
1811834,20210625,青菜,1
1811908,20210611,青菜,1
1811914,20210613,青菜,1
1811914,20210625,青菜,1
1811992,20210611,青菜,1
1812010,20210610,青菜,1
1812084,20210613,青菜,1
1812097,20210601,青菜,1
1812117,20210624,零食,1
1812202,20210613,青菜,1
1812236,20210612,青菜,1
1812259,20210603,青菜,1
1812265,20210601,青菜,1
1812266,20210610,青菜,1
1812313,20210605,青菜,1
1812335,20210612,青菜,1
1812355,20210608,青菜,1
1812356,20210620,青菜,1
1812424,20210626,水果,1
1812510,20210605,青菜,1
1812556,20210611,粽子,1
1812556,20210629,烘焙點心,1
1812598,20210611,粽子,1
1812598,20210612,青菜,1
1812598,20210626,水果,1
1812662,20210612,青菜,1
1812712,20210605,青菜,1
1812839,20210602,青菜,1
1812868,20210629,青菜,1
1812890,20210625,青菜,1
1813106,20210602,青菜,1
1813106,20210618,青菜,1
1813137,20210616,水果,1
1813139,20210609,青菜,1
1813313,20210612,青菜,1
1813313,20210629,青菜,1
1813422,20210609,青菜,1
1813470,20210602,青菜,1
1813513,20210601,青菜,1
1813528,20210612,青菜,1
1813528,20210615,零食,1
1813528,20210618,青菜,1
1813528,20210619,水果,1
1813528,20210624,零食,1
1813567,20210606,青菜,1
1813567,20210620,青菜,1
1813654,20210611,青菜,1
1813706,20210601,青菜,1
1813721,20210602,青菜,1
1813721,20210616,水果,1
1813751,20210611,青菜,1
1813759,20210701,水果,1
1813773,20210602,青菜,1
1813789,20210612,青菜,1
1813906,20210618,青菜,1
1813940,20210613,青菜,1
1814009,20210601,青菜,1
1814035,20210604,青菜,1
1814035,20210613,青菜,1
1814035,20210618,青菜,1
1814114,20210611,青菜,1
1814371,20210613,青菜,1
1814412,20210610,青菜,1
1814420,20210602,青菜,1
1814430,20210611,青菜,1
1814443,20210602,青菜,1
1814576,20210609,青菜,1
1814630,20210622,青菜,1
1814672,20210609,青菜,1
1814675,20210604,青菜,1
1814682,20210612,青菜,1
1814682,20210626,水果,1
1814685,20210601,青菜,1
1814688,20210620,青菜,1
1814688,20210629,青菜,1
1814689,20210602,青菜,1
1814689,20210605,青菜,1
1814689,20210612,青菜,1
1814689,20210625,青菜,1
1814790,20210629,烘焙點心,1
1814843,20210620,青菜,1
1814843,20210625,青菜,1
1814843,20210626,水果,1
1814907,20210609,青菜,1
1814959,20210602,青菜,1
1815122,20210606,青菜,1
1815122,20210622,青菜,1
1815146,20210616,水果,1
1815211,20210601,青菜,1
1815229,20210602,青菜,1
1815287,20210605,青菜,1
1815287,20210622,青菜,1
1815287,20210701,下午茶,1
1815307,20210605,青菜,1
1815325,20210612,青菜,1
1815363,20210629,青菜,1
1815413,20210601,青菜,1
1815425,20210606,青菜,1
1815425,20210622,青菜,1
1815471,20210606,青菜,1
1815472,20210605,青菜,1
1815546,20210616,水果,3
1815546,20210619,水果,2
1815546,20210620,青菜,2
1815546,20210622,青菜,4
1815546,20210625,青菜,4
1815546,20210626,水果,8
1815546,20210627,青菜,4
1815546,20210629,青菜,4
1815546,20210701,水果,3
1815583,20210609,青菜,1
1815586,20210601,青菜,1
1815635,20210603,青菜,1
1815716,20210602,青菜,1
1815733,20210624,零食,1
1815735,20210602,青菜,1
1815777,20210605,青菜,1
1815780,20210601,青菜,1
1815780,20210613,青菜,1
1815791,20210604,青菜,1
1815791,20210610,青菜,1
1815793,20210612,青菜,1
1815840,20210602,青菜,1
1815848,20210601,青菜,1
1815848,20210608,青菜,1
1815857,20210625,青菜,1
1815908,20210627,青菜,1
1815917,20210605,青菜,1
1815966,20210612,青菜,1
1815986,20210602,青菜,1
1816003,20210603,青菜,1
1816003,20210616,水果,1
1816012,20210604,青菜,1
1816025,20210619,水果,1
1816082,20210620,青菜,1
1816095,20210612,青菜,1
1816129,20210622,青菜,1
1816132,20210601,青菜,1
1816203,20210620,青菜,1
1816216,20210612,青菜,1
1816232,20210608,青菜,1
1816236,20210627,青菜,1
1816276,20210601,青菜,1
1816286,20210603,青菜,1
1816317,20210602,青菜,1
1816328,20210608,青菜,1
1816330,20210601,青菜,1
1816332,20210601,青菜,1
1816342,20210608,青菜,1
1816357,20210605,青菜,1
1816360,20210605,青菜,1
1816365,20210616,水果,1
1816389,20210629,青菜,1
1816413,20210605,青菜,1
1816546,20210601,青菜,1
1816618,20210603,青菜,1
1816618,20210629,青菜,1
1816721,20210601,青菜,1
1816721,20210630,肉品,1
1816938,20210604,青菜,1
1817424,20210601,青菜,1
1817424,20210608,青菜,1
1817424,20210622,青菜,1
1817507,20210611,青菜,1
1817650,20210620,青菜,1
1817758,20210602,青菜,1
1817954,20210606,青菜,1
1818005,20210622,青菜,1
1818431,20210616,水果,1
1819121,20210609,青菜,1
1819121,20210625,青菜,1
1819150,20210613,青菜,1
1820743,20210622,青菜,1
1820876,20210604,青菜,1
1820876,20210616,水果,1
1820876,20210622,青菜,1
1821751,20210615,零食,1
1822811,20210624,零食,1
1823099,20210625,青菜,1
1823415,20210603,青菜,1
1823433,20210603,青菜,1
1824265,20210605,青菜,1
1824351,20210629,青菜,1
1824361,20210606,青菜,1
1824434,20210602,青菜,1
1824560,20210603,青菜,1
1824560,20210613,青菜,1
1825052,20210629,烘焙點心,1
1825534,20210603,青菜,1
1825534,20210616,水果,1
1825635,20210603,青菜,1
1825690,20210602,青菜,1
1826196,20210605,青菜,1
1826196,20210618,青菜,1
1826607,20210602,青菜,1
1826646,20210618,青菜,1
1826646,20210624,零食,1
1826646,20210629,青菜,1
1826730,20210602,青菜,1
1826774,20210603,青菜,1
1826966,20210625,青菜,1
1827444,20210602,青菜,1
1827506,20210605,青菜,1
1827506,20210625,青菜,1
1827660,20210619,水果,3
1827660,20210620,青菜,1
1827660,20210626,水果,1
1827660,20210627,青菜,1
1827660,20210701,水果,3
1827699,20210629,青菜,1
1827904,20210610,青菜,1
1827905,20210625,青菜,1
1827971,20210602,青菜,1
1828153,20210604,青菜,1
1828186,20210610,青菜,1
1828378,20210603,青菜,1
1828462,20210604,青菜,1
1828668,20210602,青菜,1
1828710,20210602,青菜,1
1828748,20210610,青菜,1
1828757,20210603,青菜,1
1828760,20210602,青菜,1
1828858,20210604,青菜,1
1828858,20210605,青菜,1
1828956,20210602,青菜,1
1829055,20210604,青菜,1
1829058,20210603,青菜,1
1829091,20210606,青菜,1
1829124,20210602,青菜,1
1829498,20210605,青菜,1
1829508,20210603,青菜,1
1829891,20210603,青菜,1
1830013,20210603,青菜,1
1830064,20210603,青菜,1
1830259,20210603,青菜,1
1830342,20210616,水果,1
1830394,20210627,青菜,1
1830473,20210613,青菜,1
1830555,20210605,青菜,1
1830579,20210604,青菜,1
1830634,20210603,青菜,1
1830634,20210625,青菜,1
1830781,20210603,青菜,1
1830835,20210620,青菜,1
1830851,20210603,青菜,1
1830935,20210613,青菜,1
1831236,20210604,青菜,1
1831345,20210605,青菜,1
1831699,20210603,青菜,2
1831699,20210610,青菜,1
1831955,20210603,青菜,1
1831986,20210610,青菜,1
1832063,20210605,青菜,1
1832084,20210619,水果,1
1832163,20210610,青菜,1
1832221,20210603,青菜,1
1832333,20210611,青菜,1
1832348,20210605,青菜,1
1832730,20210620,青菜,1
1832985,20210604,青菜,1
1832985,20210618,青菜,1
1833220,20210623,下午茶,1
1833372,20210610,青菜,1
1833646,20210627,青菜,1
1833653,20210612,青菜,1
1833842,20210608,青菜,1
1833898,20210605,青菜,1
1833920,20210611,青菜,1
1833930,20210605,青菜,1
1833962,20210605,青菜,1
1833981,20210608,青菜,1
1834008,20210604,青菜,1
1834008,20210620,青菜,1
1834086,20210610,青菜,1
1834097,20210606,青菜,1
1834251,20210612,青菜,1
1834263,20210605,青菜,1
1834274,20210604,青菜,1
1834293,20210613,青菜,1
1834313,20210605,青菜,1
1834398,20210612,青菜,1
1834431,20210622,青菜,1
1834627,20210610,青菜,1
1834631,20210611,青菜,1
1834846,20210610,青菜,1
1834869,20210610,青菜,1
1834899,20210604,青菜,1
1834950,20210604,青菜,1
1834955,20210613,青菜,1
1834992,20210606,青菜,1
1835047,20210604,青菜,1
1835122,20210627,青菜,1
1835257,20210605,青菜,1
1835257,20210620,青菜,1
1835262,20210615,零食,1
1835305,20210610,青菜,1
1835308,20210622,青菜,1
1835395,20210605,青菜,1
1835426,20210605,青菜,1
1835531,20210604,青菜,1
1835555,20210612,青菜,1
1835593,20210604,青菜,1
1835670,20210604,青菜,1
1835670,20210618,青菜,1
1835850,20210604,青菜,1
1835929,20210604,青菜,1
1835951,20210606,青菜,1
1835980,20210627,青菜,1
1836053,20210604,青菜,1
1836104,20210629,烘焙點心,1
1836108,20210613,青菜,1
1836131,20210604,青菜,1
1836168,20210608,青菜,1
1836168,20210622,青菜,1
1836177,20210604,青菜,1
1836230,20210605,青菜,1
1836236,20210604,青菜,1
1836267,20210605,青菜,1
1836372,20210605,青菜,1
1836496,20210611,青菜,1
1836496,20210612,青菜,1
1836683,20210612,青菜,1
1836705,20210606,青菜,1
1836769,20210613,青菜,1
1836773,20210620,青菜,1
1836931,20210613,青菜,1
1836931,20210625,青菜,1
1836992,20210605,青菜,1
1837073,20210605,青菜,1
1837305,20210606,青菜,1
1837414,20210608,青菜,1
1837414,20210625,青菜,1
1837556,20210605,青菜,1
1837556,20210620,青菜,1
1837556,20210627,青菜,1
1837660,20210606,青菜,1
1837741,20210606,青菜,1
1837778,20210609,青菜,1
1837785,20210625,青菜,1
1837932,20210613,青菜,1
1838023,20210605,青菜,1
1838077,20210610,青菜,1
1838102,20210608,青菜,1
1838102,20210617,下午茶,1
1838102,20210625,青菜,1
1838110,20210605,青菜,1
1838115,20210605,青菜,1
1838145,20210606,青菜,1
1838176,20210609,青菜,1
1838176,20210620,青菜,1
1838182,20210610,青菜,1
1838187,20210610,青菜,1
1838250,20210606,青菜,1
1838268,20210606,青菜,1
1838268,20210608,青菜,1
1838268,20210625,青菜,1
1838319,20210605,青菜,1
1838319,20210625,青菜,1
1838329,20210619,水果,1
1838410,20210610,青菜,1
1838501,20210622,青菜,1
1838553,20210609,青菜,1
1838604,20210605,青菜,1
1838629,20210620,青菜,1
1838750,20210613,粽子,1
1838770,20210608,青菜,1
1838799,20210606,青菜,1
1838817,20210605,青菜,1
1838848,20210610,青菜,1
1838848,20210620,青菜,1
1838992,20210629,青菜,1
1839086,20210605,青菜,1
1839122,20210701,水果,1
1839279,20210622,青菜,1
1839279,20210626,水果,1
1839369,20210611,青菜,1
1839369,20210620,青菜,1
1839369,20210622,青菜,1
1839369,20210625,青菜,1
1839400,20210610,青菜,1
1839428,20210605,青菜,1
1839502,20210629,青菜,1
1839596,20210609,青菜,1
1839726,20210608,青菜,1
1839771,20210609,青菜,1
1839771,20210625,青菜,1
1839789,20210606,青菜,1
1839789,20210627,青菜,1
1839870,20210605,青菜,1
1839924,20210605,青菜,1
1839924,20210627,青菜,1
1840051,20210605,青菜,1
1840137,20210605,青菜,1
1840155,20210613,青菜,1
1840155,20210616,水果,1
1840158,20210613,青菜,1
1840182,20210613,青菜,1
1840288,20210609,青菜,1
1840288,20210618,青菜,1
1840325,20210625,青菜,1
1840350,20210605,青菜,1
1840357,20210605,青菜,1
1840546,20210613,青菜,1
1840556,20210625,青菜,1
1840577,20210605,青菜,1
1840649,20210605,青菜,1
1840659,20210606,青菜,1
1840659,20210627,青菜,1
1840678,20210605,青菜,1
1840759,20210605,青菜,1
1840770,20210605,青菜,1
1840770,20210612,青菜,1
1840770,20210619,水果,1
1840770,20210620,青菜,1
1840831,20210606,青菜,1
1840884,20210609,青菜,1
1840884,20210620,青菜,1
1840884,20210625,青菜,1
1840898,20210605,青菜,1
1840905,20210605,青菜,1
1840913,20210606,青菜,1
1840915,20210609,青菜,1
1840915,20210620,青菜,1
1840915,20210626,水果,1
1840933,20210612,青菜,1
1840943,20210618,青菜,1
1840943,20210623,下午茶,1
1840986,20210605,青菜,1
1840993,20210620,青菜,1
1841020,20210612,青菜,1
1841051,20210606,青菜,1
1841107,20210627,青菜,1
1841166,20210613,青菜,1
1841200,20210605,青菜,1
1841200,20210616,水果,1
1841303,20210606,青菜,1
1841375,20210606,青菜,1
1841420,20210606,青菜,1
1841450,20210610,青菜,1
1841596,20210611,青菜,1
1841596,20210619,水果,1
1841596,20210627,青菜,1
1841642,20210627,青菜,1
1841651,20210606,青菜,1
1841651,20210620,青菜,1
1841757,20210612,青菜,1
1841923,20210606,青菜,1
1842003,20210625,青菜,1
1842043,20210606,青菜,1
1842043,20210625,青菜,1
1842109,20210606,青菜,1
1842129,20210606,青菜,1
1842231,20210620,青菜,1
1842260,20210627,青菜,1
1842277,20210613,青菜,1
1842323,20210619,水果,1
1842323,20210629,烘焙點心,1
1842365,20210606,青菜,1
1842428,20210610,青菜,1
1842591,20210606,青菜,1
1842591,20210619,水果,1
1842610,20210609,青菜,1
1842675,20210609,青菜,1
1842675,20210622,青菜,1
1842690,20210620,青菜,1
1842718,20210606,青菜,1
1842755,20210701,水果,1
1842912,20210610,青菜,1
1842912,20210629,青菜,1
1842932,20210620,青菜,1
1843028,20210613,青菜,1
1843100,20210606,青菜,1
1843119,20210606,青菜,1
1843144,20210623,下午茶,1
1843147,20210606,青菜,1
1843279,20210610,青菜,1
1843614,20210622,青菜,1
1843703,20210606,青菜,1
1843727,20210618,青菜,1
1843780,20210606,青菜,1
1843780,20210613,青菜,1
1843786,20210606,青菜,1
1843799,20210608,青菜,1
1843859,20210606,青菜,1
1843866,20210606,青菜,1
1843871,20210618,青菜,1
1843873,20210606,青菜,1
1843913,20210606,青菜,2
1843994,20210620,青菜,1
1844043,20210609,青菜,1
1844111,20210608,青菜,1
1844127,20210606,青菜,1
1844150,20210613,青菜,1
1844207,20210620,青菜,1
1844384,20210618,青菜,1
1844412,20210622,青菜,1
1844749,20210608,青菜,1
1844784,20210608,青菜,1
1844799,20210608,青菜,1
1844911,20210609,青菜,1
1844980,20210610,青菜,1
1845440,20210608,青菜,1
1845601,20210613,青菜,1
1845738,20210608,青菜,2
1845849,20210608,青菜,1
1846074,20210613,青菜,1
1846088,20210627,青菜,1
1846141,20210617,下午茶,1
1846202,20210626,水果,1
1846534,20210608,青菜,1
1846587,20210612,青菜,1
1846608,20210608,青菜,1
1846626,20210608,青菜,1
1846852,20210625,青菜,1
1846859,20210613,青菜,1
1846859,20210622,青菜,1
1846937,20210610,青菜,1
1847204,20210608,青菜,1
1847234,20210608,青菜,1
1847238,20210608,青菜,1
1847267,20210611,青菜,1
1847448,20210611,青菜,1
1847545,20210608,青菜,2
1847648,20210608,青菜,1
1847670,20210609,青菜,1
1847801,20210608,青菜,1
1847986,20210608,青菜,1
1848012,20210608,青菜,1
1848038,20210616,水果,1
1848408,20210610,青菜,1
1848667,20210608,青菜,1
1848667,20210618,青菜,1
1848687,20210608,青菜,1
1848789,20210608,青菜,1
1848972,20210609,青菜,1
1849151,20210610,青菜,1
1849527,20210613,青菜,1
1849587,20210627,青菜,1
1849645,20210608,青菜,1
1849677,20210608,青菜,1
1849742,20210612,青菜,1
1849898,20210611,青菜,1
1849898,20210620,青菜,1
1849902,20210618,青菜,1
1850070,20210613,青菜,1
1850388,20210622,青菜,1
1850400,20210625,青菜,1
1850400,20210626,水果,1
1850907,20210612,青菜,1
1851083,20210609,青菜,1
1851268,20210609,青菜,1
1851372,20210609,青菜,1
1851375,20210609,青菜,1
1851502,20210611,青菜,1
1851670,20210627,青菜,1
1851743,20210625,青菜,1
1851754,20210612,青菜,1
1851773,20210610,青菜,1
1851845,20210610,青菜,1
1852094,20210612,青菜,1
1852118,20210609,青菜,1
1852283,20210609,青菜,1
1852493,20210610,青菜,1
1852756,20210611,青菜,1
1852812,20210612,青菜,1
1852859,20210613,青菜,1
1852988,20210612,青菜,1
1853056,20210624,零食,1
1853056,20210625,青菜,1
1853098,20210613,青菜,1
1853453,20210610,青菜,1
1853468,20210618,青菜,1
1853523,20210620,青菜,1
1853523,20210629,青菜,1
1853786,20210610,青菜,1
1853786,20210618,青菜,1
1853786,20210622,青菜,1
1853786,20210627,青菜,1
1853935,20210611,青菜,1
1853935,20210622,青菜,1
1853986,20210610,青菜,1
1854000,20210610,青菜,1
1854030,20210613,青菜,1
1854083,20210615,零食,1
1854139,20210610,青菜,1
1854161,20210612,青菜,1
1854165,20210610,青菜,1
1854216,20210610,青菜,1
1854244,20210626,水果,1
1854252,20210625,青菜,1
1854334,20210626,水果,2
1854555,20210610,青菜,1
1854695,20210622,青菜,1
1854727,20210629,青菜,1
1854894,20210613,青菜,1
1854894,20210616,水果,1
1854894,20210620,青菜,1
1855046,20210625,青菜,1
1855075,20210612,青菜,1
1855449,20210611,青菜,1
1855449,20210612,青菜,1
1855669,20210611,青菜,1
1855669,20210616,水果,1
1855669,20210622,青菜,1
1855669,20210626,水果,1
1855691,20210611,青菜,1
1855718,20210612,青菜,1
1855764,20210612,青菜,1
1855764,20210623,下午茶,1
1855784,20210611,青菜,1
1855798,20210611,青菜,1
1855934,20210612,青菜,1
1856204,20210620,青菜,1
1856287,20210612,青菜,1
1856287,20210627,青菜,1
1856439,20210611,青菜,1
1856543,20210611,青菜,1
1856543,20210616,水果,1
1856543,20210622,青菜,1
1856569,20210625,青菜,1
1856611,20210622,青菜,1
1856669,20210611,青菜,1
1856723,20210611,青菜,1
1856858,20210616,水果,1
1856870,20210612,青菜,1
1856962,20210619,水果,1
1856962,20210622,青菜,1
1857074,20210612,青菜,1
1857173,20210611,粽子,1
1857268,20210611,粽子,1
1857268,20210613,粽子,1
1857454,20210613,青菜,1
1858081,20210612,青菜,1
1858212,20210612,青菜,1
1858212,20210619,水果,1
1858212,20210626,水果,1
1858706,20210618,青菜,1
1858706,20210701,水果,1
1858742,20210612,青菜,1
1858836,20210622,青菜,1
1858951,20210627,青菜,1
1858955,20210612,青菜,1
1859090,20210612,青菜,1
1859125,20210625,青菜,1
1859136,20210627,青菜,1
1859454,20210613,青菜,1
1859456,20210613,青菜,1
1859504,20210627,青菜,1
1859580,20210625,青菜,1
1859615,20210613,粽子,1
1859691,20210613,青菜,1
1859787,20210613,青菜,1
1859836,20210627,青菜,1
1859897,20210629,青菜,1
1859931,20210613,青菜,1
1859931,20210623,下午茶,1
1859931,20210624,零食,1
1860412,20210613,青菜,1
1860823,20210613,青菜,1
1861525,20210619,水果,1
1861638,20210620,青菜,1
1861684,20210613,青菜,1
1861703,20210613,青菜,1
1861750,20210613,青菜,1
1861811,20210613,青菜,1
1861850,20210613,青菜,1
1861891,20210613,青菜,1
1861951,20210616,水果,1
1861972,20210619,水果,1
1861972,20210620,青菜,1
1862165,20210619,水果,1
1862319,20210613,青菜,1
1862796,20210613,粽子,1
1862881,20210613,粽子,2
1863152,20210618,青菜,1
1863241,20210618,青菜,1
1863661,20210620,青菜,1
1863778,20210629,青菜,1
1863929,20210620,青菜,1
1864258,20210625,青菜,1
1865493,20210618,青菜,1
1865722,20210624,零食,1
1866080,20210623,下午茶,1
1866490,20210620,青菜,1
1866989,20210626,水果,1
1867435,20210629,青菜,1
1867726,20210622,青菜,1
1868240,20210615,零食,1
1868575,20210625,青菜,1
1869027,20210627,青菜,1
1869546,20210618,青菜,1
1869554,20210625,青菜,1
1869554,20210626,水果,1
1869717,20210616,水果,1
1869717,20210629,青菜,1
1869856,20210629,青菜,1
1869864,20210616,水果,1
1869864,20210617,下午茶,1
1870099,20210616,水果,1
1870309,20210620,青菜,1
1870559,20210622,青菜,2
1870559,20210625,青菜,1
1870559,20210626,水果,2
1870559,20210701,水果,1
1870616,20210616,水果,1
1870753,20210619,水果,1
1870753,20210629,青菜,1
1870915,20210619,水果,1
1870915,20210622,青菜,1
1871008,20210622,青菜,1
1871187,20210618,青菜,1
1871232,20210620,青菜,1
1871711,20210625,青菜,1
1871852,20210625,青菜,1
1872390,20210624,零食,1
1872666,20210625,青菜,2
1872772,20210625,青菜,1
1874205,20210623,下午茶,1
1874205,20210629,烘焙點心,1
1874262,20210619,水果,1
1874346,20210620,青菜,1
1874455,20210618,青菜,1
1874583,20210629,青菜,1
1874811,20210624,零食,1
1875055,20210620,青菜,1
1875209,20210620,青菜,1
1875545,20210620,青菜,1
1876062,20210626,水果,1
1876186,20210629,青菜,1
1876205,20210625,青菜,1
1876515,20210620,青菜,1
1876524,20210622,青菜,1
1876560,20210619,水果,1
1876818,20210622,青菜,1
1877592,20210622,青菜,1
1877671,20210625,青菜,1
1877995,20210620,青菜,1
1878193,20210620,青菜,1
1878211,20210629,青菜,1
1878224,20210620,青菜,1
1878701,20210629,青菜,1
1878987,20210622,青菜,1
1879117,20210626,水果,1
1879958,20210622,青菜,1
1879958,20210629,青菜,1
1879996,20210625,青菜,1
1880248,20210622,青菜,1
1880279,20210625,青菜,1
1880879,20210622,青菜,1
1881135,20210624,零食,1
1881415,20210624,零食,1
1881425,20210622,青菜,1
1881429,20210622,青菜,1
1881434,20210627,青菜,1
1881439,20210622,青菜,1
1881486,20210622,青菜,1
1882324,20210629,青菜,1
1882489,20210626,水果,1
1883349,20210623,下午茶,1
1883415,20210623,下午茶,1
1883516,20210625,青菜,1
1883569,20210623,下午茶,1
1883634,20210623,下午茶,1
1884144,20210626,水果,1
1884452,20210625,青菜,1
1884464,20210627,青菜,1
1885183,20210627,青菜,1
1886061,20210625,青菜,1
1886728,20210625,青菜,1
1886871,20210625,青菜,1
1886877,20210625,青菜,1
1886938,20210625,青菜,1
1887017,20210625,青菜,1
1887101,20210625,青菜,1
1887689,20210629,青菜,1
1887900,20210627,青菜,1
1888497,20210626,水果,1
1888689,20210627,青菜,1
1888739,20210627,青菜,1
1888970,20210627,青菜,1
1889048,20210701,水果,1
1889631,20210627,青菜,1
1889997,20210627,青菜,1
1890123,20210627,青菜,1
1890135,20210627,青菜,1
1890225,20210627,青菜,1
1890400,20210627,青菜,1
1890416,20210627,青菜,1
1890428,20210627,青菜,1
1892457,20210629,青菜,1
1892510,20210629,青菜,1
1892858,20210629,青菜,1
1893042,20210629,烘焙點心,1
1893048,20210629,烘焙點心,1
1893087,20210629,青菜,1
1893184,20210629,青菜,1
1893212,20210629,青菜,1
1893244,20210629,青菜,1
1893304,20210629,青菜,1
1893451,20210629,青菜,1
1893500,20210629,烘焙點心,1
1893669,20210629,烘焙點心,1
1893782,20210629,烘焙點心,1
1893814,20210629,烘焙點心,1
1894456,20210630,肉品,1
1895062,20210701,水果,1
1896225,20210701,水果,1
